cosine,experiment,high_magnitude_overlap,module,norm_a,norm_b,relative_norm,seed,sign_agreement,skill_a,skill_b
0.06694794446229935,field_renaming_key_value_swap,0.015555245535714286,base_model.model.model.layers.0.self_attn.k_proj,0.029642611742019653,0.027549635618925095,0.9293929934501648,seed42,0.5262015206473214,field_renaming,key_value_swap
0.169078528881073,field_renaming_key_value_swap,0.020936304209183673,base_model.model.model.layers.0.self_attn.o_proj,0.08050770312547684,0.08501288294792175,0.9470059275627136,seed42,0.5524703045280612,field_renaming,key_value_swap
0.0006347264279611409,field_renaming_key_value_swap,0.02076191804846939,base_model.model.model.layers.0.self_attn.q_proj,0.08247591555118561,0.07258517295122147,0.8800771832466125,seed42,0.5104419941804847,field_renaming,key_value_swap
0.09135032445192337,field_renaming_key_value_swap,0.02105712890625,base_model.model.model.layers.0.self_attn.v_proj,0.029223505407571793,0.032385461032390594,0.90236496925354,seed42,0.5253731863839286,field_renaming,key_value_swap
0.0518224872648716,field_renaming_key_value_swap,0.014822823660714286,base_model.model.model.layers.1.self_attn.k_proj,0.03096431866288185,0.03082713671028614,0.9955697059631348,seed42,0.5220511300223214,field_renaming,key_value_swap
0.21994760632514954,field_renaming_key_value_swap,0.026815609056122448,base_model.model.model.layers.1.self_attn.o_proj,0.08222214132547379,0.08156886696815491,0.9920547604560852,seed42,0.5647682657047194,field_renaming,key_value_swap
0.13935913145542145,field_renaming_key_value_swap,0.017109773596938774,base_model.model.model.layers.1.self_attn.q_proj,0.0838676318526268,0.08120771497488022,0.9682843685150146,seed42,0.5514937420280612,field_renaming,key_value_swap
0.281210333108902,field_renaming_key_value_swap,0.020952497209821428,base_model.model.model.layers.1.self_attn.v_proj,0.031032757833600044,0.031116414815187454,0.9973114728927612,seed42,0.5822928292410714,field_renaming,key_value_swap
0.1738884598016739,field_renaming_key_value_swap,0.018702915736607144,base_model.model.model.layers.10.self_attn.k_proj,0.028898252174258232,0.03193434700369835,0.9049269556999207,seed42,0.5560389927455357,field_renaming,key_value_swap
0.2531317472457886,field_renaming_key_value_swap,0.0217708665497449,base_model.model.model.layers.10.self_attn.o_proj,0.08209367841482162,0.09529174119234085,0.8614983558654785,seed42,0.5756549445950255,field_renaming,key_value_swap
0.15262186527252197,field_renaming_key_value_swap,0.01876644212372449,base_model.model.model.layers.10.self_attn.q_proj,0.0809009000658989,0.09454578906297684,0.8556795716285706,seed42,0.5501671615911989,field_renaming,key_value_swap
0.2869994342327118,field_renaming_key_value_swap,0.024911063058035716,base_model.model.model.layers.10.self_attn.v_proj,0.03048705868422985,0.032226018607616425,0.9460386633872986,seed42,0.5893031529017857,field_renaming,key_value_swap
0.2792775630950928,field_renaming_key_value_swap,0.019505092075892856,base_model.model.model.layers.11.self_attn.k_proj,0.027741659432649612,0.03406791761517525,0.814304530620575,seed42,0.5859810965401786,field_renaming,key_value_swap
0.15311768651008606,field_renaming_key_value_swap,0.019799057318239797,base_model.model.model.layers.11.self_attn.o_proj,0.08304423093795776,0.09547705948352814,0.869782030582428,seed42,0.5414466079400511,field_renaming,key_value_swap
0.1619434803724289,field_renaming_key_value_swap,0.025004484215561226,base_model.model.model.layers.11.self_attn.q_proj,0.07863722741603851,0.08839045464992523,0.8896574378013611,seed42,0.5430970483896683,field_renaming,key_value_swap
0.29955753684043884,field_renaming_key_value_swap,0.031459263392857144,base_model.model.model.layers.11.self_attn.v_proj,0.03182888403534889,0.03626260906457901,0.8777328729629517,seed42,0.5968976702008929,field_renaming,key_value_swap
0.24964559078216553,field_renaming_key_value_swap,0.020760672433035716,base_model.model.model.layers.12.self_attn.k_proj,0.03118349052965641,0.035080261528491974,0.888918399810791,seed42,0.5884835379464286,field_renaming,key_value_swap
0.2026185244321823,field_renaming_key_value_swap,0.01903549505739796,base_model.model.model.layers.12.self_attn.o_proj,0.08241911977529526,0.09442052990198135,0.8728940486907959,seed42,0.5645739496970663,field_renaming,key_value_swap
0.11836172640323639,field_renaming_key_value_swap,0.01740872130102041,base_model.model.model.layers.12.self_attn.q_proj,0.07858932018280029,0.09393391758203506,0.8366447687149048,seed42,0.5350217235331632,field_renaming,key_value_swap
0.17623370885849,field_renaming_key_value_swap,0.020490373883928572,base_model.model.model.layers.12.self_attn.v_proj,0.030717579647898674,0.034703578799963,0.8851415514945984,seed42,0.5558820452008929,field_renaming,key_value_swap
0.17170511186122894,field_renaming_key_value_swap,0.024379185267857144,base_model.model.model.layers.13.self_attn.k_proj,0.029652802273631096,0.03571953997015953,0.8301563262939453,seed42,0.5629446847098214,field_renaming,key_value_swap
0.14862839877605438,field_renaming_key_value_swap,0.01866928411989796,base_model.model.model.layers.13.self_attn.o_proj,0.08389797061681747,0.09572841972112656,0.8764165639877319,seed42,0.5434844347895408,field_renaming,key_value_swap
0.03542250394821167,field_renaming_key_value_swap,0.018258231026785716,base_model.model.model.layers.13.self_attn.q_proj,0.08251717686653137,0.08998183906078339,0.9170425534248352,seed42,0.5088301678093112,field_renaming,key_value_swap
0.1705738604068756,field_renaming_key_value_swap,0.022652762276785716,base_model.model.model.layers.13.self_attn.v_proj,0.03130373731255531,0.03550965338945389,0.8815556764602661,seed42,0.5484444754464286,field_renaming,key_value_swap
0.1126575618982315,field_renaming_key_value_swap,0.018720354352678572,base_model.model.model.layers.14.self_attn.k_proj,0.032832104712724686,0.03673327714204788,0.8937973380088806,seed42,0.5330984933035714,field_renaming,key_value_swap
0.12818564474582672,field_renaming_key_value_swap,0.016230369100765307,base_model.model.model.layers.14.self_attn.o_proj,0.08322297036647797,0.09357597678899765,0.8893625736236572,seed42,0.5360829878826531,field_renaming,key_value_swap
0.026116209104657173,field_renaming_key_value_swap,0.019102758290816327,base_model.model.model.layers.14.self_attn.q_proj,0.08247386664152145,0.1013585701584816,0.8136842250823975,seed42,0.5066167091836735,field_renaming,key_value_swap
0.1230071559548378,field_renaming_key_value_swap,0.020132882254464284,base_model.model.model.layers.14.self_attn.v_proj,0.03137251362204552,0.03593892976641655,0.8729395866394043,seed42,0.5372488839285714,field_renaming,key_value_swap
0.12059836089611053,field_renaming_key_value_swap,0.016034807477678572,base_model.model.model.layers.15.self_attn.k_proj,0.032262902706861496,0.032024431973695755,0.9926084876060486,seed42,0.5464826311383929,field_renaming,key_value_swap
0.22687871754169464,field_renaming_key_value_swap,0.025050571986607144,base_model.model.model.layers.15.self_attn.o_proj,0.08751381188631058,0.09616978466510773,0.9099928140640259,seed42,0.5604584363042092,field_renaming,key_value_swap
0.1325431615114212,field_renaming_key_value_swap,0.01959228515625,base_model.model.model.layers.15.self_attn.q_proj,0.08465081453323364,0.08912471681833267,0.9498018026351929,seed42,0.5395283601721939,field_renaming,key_value_swap
0.16220353543758392,field_renaming_key_value_swap,0.022042410714285716,base_model.model.model.layers.15.self_attn.v_proj,0.033154603093862534,0.03625752404332161,0.914419949054718,seed42,0.5418526785714286,field_renaming,key_value_swap
0.11311277002096176,field_renaming_key_value_swap,0.017874581473214284,base_model.model.model.layers.16.self_attn.k_proj,0.03609709441661835,0.03171958774328232,0.8787296414375305,seed42,0.5387486049107143,field_renaming,key_value_swap
0.27918195724487305,field_renaming_key_value_swap,0.020308514030612245,base_model.model.model.layers.16.self_attn.o_proj,0.08542872220277786,0.10484165698289871,0.8148356676101685,seed42,0.5910208565848214,field_renaming,key_value_swap
0.055650826543569565,field_renaming_key_value_swap,0.014876385124362245,base_model.model.model.layers.16.self_attn.q_proj,0.09087512642145157,0.08571171015501022,0.9431812167167664,seed42,0.5160609654017857,field_renaming,key_value_swap
0.15076005458831787,field_renaming_key_value_swap,0.022940499441964284,base_model.model.model.layers.16.self_attn.v_proj,0.03047347255051136,0.036884840577840805,0.826178789138794,seed42,0.54888916015625,field_renaming,key_value_swap
0.14932535588741302,field_renaming_key_value_swap,0.013916015625,base_model.model.model.layers.17.self_attn.k_proj,0.03668941184878349,0.0336708128452301,0.9177256226539612,seed42,0.5366472516741071,field_renaming,key_value_swap
0.2545047402381897,field_renaming_key_value_swap,0.023045131138392856,base_model.model.model.layers.17.self_attn.o_proj,0.08220741897821426,0.09249956160783768,0.8887330889701843,seed42,0.5813125298947704,field_renaming,key_value_swap
0.22499434649944305,field_renaming_key_value_swap,0.021729761240433673,base_model.model.model.layers.17.self_attn.q_proj,0.08733680099248886,0.090761199593544,0.9622702598571777,seed42,0.5701132015306123,field_renaming,key_value_swap
0.35135549306869507,field_renaming_key_value_swap,0.029532296316964284,base_model.model.model.layers.17.self_attn.v_proj,0.03414798155426979,0.03537555783987045,0.9652987718582153,seed42,0.5940377371651786,field_renaming,key_value_swap
0.3261336088180542,field_renaming_key_value_swap,0.024876185825892856,base_model.model.model.layers.18.self_attn.k_proj,0.030328571796417236,0.0370284765958786,0.819060742855072,seed42,0.60150146484375,field_renaming,key_value_swap
0.15437480807304382,field_renaming_key_value_swap,0.01603854432397959,base_model.model.model.layers.18.self_attn.o_proj,0.08397729694843292,0.09262195974588394,0.9066672325134277,seed42,0.5492802834024235,field_renaming,key_value_swap
0.14334747195243835,field_renaming_key_value_swap,0.016577895806760203,base_model.model.model.layers.18.self_attn.q_proj,0.08130606263875961,0.09328656643629074,0.8715730905532837,seed42,0.5437646982621174,field_renaming,key_value_swap
0.25653955340385437,field_renaming_key_value_swap,0.030142647879464284,base_model.model.model.layers.18.self_attn.v_proj,0.03226744756102562,0.035713568329811096,0.9035066962242126,seed42,0.5643048967633929,field_renaming,key_value_swap
0.31570422649383545,field_renaming_key_value_swap,0.021684919084821428,base_model.model.model.layers.19.self_attn.k_proj,0.03323567658662796,0.03717678040266037,0.893990159034729,seed42,0.6022426060267857,field_renaming,key_value_swap
0.18825264275074005,field_renaming_key_value_swap,0.022368761957908163,base_model.model.model.layers.19.self_attn.o_proj,0.08731944859027863,0.09651549905538559,0.9047194719314575,seed42,0.5544147102200255,field_renaming,key_value_swap
0.16123312711715698,field_renaming_key_value_swap,0.01940544284119898,base_model.model.model.layers.19.self_attn.q_proj,0.08905886858701706,0.09427077323198318,0.9447134733200073,seed42,0.5550275530133929,field_renaming,key_value_swap
0.25566282868385315,field_renaming_key_value_swap,0.018083844866071428,base_model.model.model.layers.19.self_attn.v_proj,0.03501487895846367,0.033373016864061356,0.9531095623970032,seed42,0.5854230608258929,field_renaming,key_value_swap
0.22748401761054993,field_renaming_key_value_swap,0.017848423549107144,base_model.model.model.layers.2.self_attn.k_proj,0.029707618057727814,0.031416792422533035,0.9455968141555786,seed42,0.5753348214285714,field_renaming,key_value_swap
0.1708814799785614,field_renaming_key_value_swap,0.016836983816964284,base_model.model.model.layers.2.self_attn.o_proj,0.08099716156721115,0.0820571631193161,0.9870821833610535,seed42,0.55291748046875,field_renaming,key_value_swap
0.18028034269809723,field_renaming_key_value_swap,0.018276915258290817,base_model.model.model.layers.2.self_attn.q_proj,0.07902222871780396,0.08321470767259598,0.9496185183525085,seed42,0.5630642637914541,field_renaming,key_value_swap
0.16304218769073486,field_renaming_key_value_swap,0.01678466796875,base_model.model.model.layers.2.self_attn.v_proj,0.0315016508102417,0.03003748506307602,0.9535210132598877,seed42,0.5548793247767857,field_renaming,key_value_swap
0.2700272798538208,field_renaming_key_value_swap,0.018266950334821428,base_model.model.model.layers.20.self_attn.k_proj,0.03539334610104561,0.03733983635902405,0.9478709697723389,seed42,0.5741838727678571,field_renaming,key_value_swap
0.19815261662006378,field_renaming_key_value_swap,0.029215909996811226,base_model.model.model.layers.20.self_attn.o_proj,0.08816808462142944,0.09473415464162827,0.9306895136833191,seed42,0.5592775928730868,field_renaming,key_value_swap
0.07541032135486603,field_renaming_key_value_swap,0.018025300940688774,base_model.model.model.layers.20.self_attn.q_proj,0.0880839005112648,0.10432300716638565,0.8443381786346436,seed42,0.5296531210140306,field_renaming,key_value_swap
0.10148804634809494,field_renaming_key_value_swap,0.019452776227678572,base_model.model.model.layers.20.self_attn.v_proj,0.03419420123100281,0.03835467994213104,0.8915261626243591,seed42,0.5249720982142857,field_renaming,key_value_swap
0.12686654925346375,field_renaming_key_value_swap,0.013811383928571428,base_model.model.model.layers.21.self_attn.k_proj,0.033899467438459396,0.032839614897966385,0.96873539686203,seed42,0.5401785714285714,field_renaming,key_value_swap
0.05349386855959892,field_renaming_key_value_swap,0.025257344148596938,base_model.model.model.layers.21.self_attn.o_proj,0.0906582847237587,0.10655421763658524,0.8508183360099792,seed42,0.5173564054528061,field_renaming,key_value_swap
0.04912429675459862,field_renaming_key_value_swap,0.014807876275510204,base_model.model.model.layers.21.self_attn.q_proj,0.08493950963020325,0.09518107771873474,0.8923991322517395,seed42,0.5131811025191326,field_renaming,key_value_swap
0.032436441630125046,field_renaming_key_value_swap,0.019505092075892856,base_model.model.model.layers.21.self_attn.v_proj,0.033472415059804916,0.038086019456386566,0.8788635730743408,seed42,0.5133405412946429,field_renaming,key_value_swap
-0.013403943739831448,field_renaming_key_value_swap,0.017351422991071428,base_model.model.model.layers.22.self_attn.k_proj,0.032810669392347336,0.03613455593585968,0.908013641834259,seed42,0.5015781947544643,field_renaming,key_value_swap
0.12653513252735138,field_renaming_key_value_swap,0.029690489477040817,base_model.model.model.layers.22.self_attn.o_proj,0.08830671012401581,0.11006079614162445,0.802344799041748,seed42,0.5429326271524235,field_renaming,key_value_swap
0.034340135753154755,field_renaming_key_value_swap,0.01820342394770408,base_model.model.model.layers.22.self_attn.q_proj,0.08811476826667786,0.0949808731675148,0.9277106523513794,seed42,0.5150520169005102,field_renaming,key_value_swap
0.05864070728421211,field_renaming_key_value_swap,0.016575404575892856,base_model.model.model.layers.22.self_attn.v_proj,0.033395860344171524,0.041422102600336075,0.8062328696250916,seed42,0.5235857282366071,field_renaming,key_value_swap
0.34447237849235535,field_renaming_key_value_swap,0.021841866629464284,base_model.model.model.layers.23.self_attn.k_proj,0.029925202950835228,0.038801368325948715,0.7712408900260925,seed42,0.6125924246651786,field_renaming,key_value_swap
0.12882287800312042,field_renaming_key_value_swap,0.017489686304209183,base_model.model.model.layers.23.self_attn.o_proj,0.09097393602132797,0.10630736500024796,0.8557632565498352,seed42,0.5389217454559949,field_renaming,key_value_swap
0.14987248182296753,field_renaming_key_value_swap,0.020962462133290817,base_model.model.model.layers.23.self_attn.q_proj,0.08611910045146942,0.10374175757169724,0.8301295638084412,seed42,0.5480072644292092,field_renaming,key_value_swap
0.21925702691078186,field_renaming_key_value_swap,0.015781947544642856,base_model.model.model.layers.23.self_attn.v_proj,0.034569501876831055,0.042986031621694565,0.8042031526565552,seed42,0.5750034877232143,field_renaming,key_value_swap
0.23280072212219238,field_renaming_key_value_swap,0.01800537109375,base_model.model.model.layers.3.self_attn.k_proj,0.029010940343141556,0.028895441442728043,0.9960187673568726,seed42,0.5759626116071429,field_renaming,key_value_swap
0.2745817303657532,field_renaming_key_value_swap,0.02226413026147959,base_model.model.model.layers.3.self_attn.o_proj,0.08341487497091293,0.08666986227035522,0.9624438285827637,seed42,0.5833690409757653,field_renaming,key_value_swap
0.1576906442642212,field_renaming_key_value_swap,0.016412228954081634,base_model.model.model.layers.3.self_attn.q_proj,0.07800056785345078,0.07834070920944214,0.9956581592559814,seed42,0.5459843849649235,field_renaming,key_value_swap
0.21313203871250153,field_renaming_key_value_swap,0.030029296875,base_model.model.model.layers.3.self_attn.v_proj,0.03004080429673195,0.031101346015930176,0.9659004807472229,seed42,0.5653773716517857,field_renaming,key_value_swap
0.28581103682518005,field_renaming_key_value_swap,0.023611886160714284,base_model.model.model.layers.4.self_attn.k_proj,0.030850907787680626,0.03057335503399372,0.9910033941268921,seed42,0.5869663783482143,field_renaming,key_value_swap
0.197829470038414,field_renaming_key_value_swap,0.02043930365114796,base_model.model.model.layers.4.self_attn.o_proj,0.08293496817350388,0.08966381102800369,0.9249547719955444,seed42,0.5659428810586735,field_renaming,key_value_swap
0.17058320343494415,field_renaming_key_value_swap,0.01676224689094388,base_model.model.model.layers.4.self_attn.q_proj,0.08179834485054016,0.08385464549064636,0.9754778146743774,seed42,0.5516320053411989,field_renaming,key_value_swap
0.246744304895401,field_renaming_key_value_swap,0.028102329799107144,base_model.model.model.layers.4.self_attn.v_proj,0.030839920043945312,0.03195216879248619,0.9651901721954346,seed42,0.5814470563616071,field_renaming,key_value_swap
0.072829969227314,field_renaming_key_value_swap,0.018607003348214284,base_model.model.model.layers.5.self_attn.k_proj,0.02976823039352894,0.02976490557193756,0.9998883008956909,seed42,0.5240478515625,field_renaming,key_value_swap
0.17575247585773468,field_renaming_key_value_swap,0.01985137316645408,base_model.model.model.layers.5.self_attn.o_proj,0.08345931023359299,0.0868086963891983,0.961416482925415,seed42,0.5493973712531888,field_renaming,key_value_swap
0.13561727106571198,field_renaming_key_value_swap,0.01899563536352041,base_model.model.model.layers.5.self_attn.q_proj,0.07923009246587753,0.07935876399278641,0.9983786344528198,seed42,0.5371666733099489,field_renaming,key_value_swap
0.13223396241664886,field_renaming_key_value_swap,0.025015694754464284,base_model.model.model.layers.5.self_attn.v_proj,0.03062872402369976,0.03117004595696926,0.9826332926750183,seed42,0.5455060686383929,field_renaming,key_value_swap
-0.0017517891246825457,field_renaming_key_value_swap,0.021824428013392856,base_model.model.model.layers.6.self_attn.k_proj,0.028112607076764107,0.028631726279854774,0.981869101524353,seed42,0.4927455357142857,field_renaming,key_value_swap
0.11780843138694763,field_renaming_key_value_swap,0.016524334343112245,base_model.model.model.layers.6.self_attn.o_proj,0.0801091343164444,0.08931884914636612,0.8968894481658936,seed42,0.5334211077008929,field_renaming,key_value_swap
0.09126054495573044,field_renaming_key_value_swap,0.01871537189094388,base_model.model.model.layers.6.self_attn.q_proj,0.07848364859819412,0.08542118221521378,0.9187843799591064,seed42,0.531135403380102,field_renaming,key_value_swap
0.08187434077262878,field_renaming_key_value_swap,0.016148158482142856,base_model.model.model.layers.6.self_attn.v_proj,0.029467962682247162,0.031732525676488876,0.9286358952522278,seed42,0.52789306640625,field_renaming,key_value_swap
-0.029464449733495712,field_renaming_key_value_swap,0.013462611607142858,base_model.model.model.layers.7.self_attn.k_proj,0.02804761938750744,0.031301215291023254,0.896055281162262,seed42,0.48704310825892855,field_renaming,key_value_swap
0.19682805240154266,field_renaming_key_value_swap,0.0164794921875,base_model.model.model.layers.7.self_attn.o_proj,0.08237649500370026,0.09202887117862701,0.8951157927513123,seed42,0.5625298947704082,field_renaming,key_value_swap
0.0718809962272644,field_renaming_key_value_swap,0.0187191087372449,base_model.model.model.layers.7.self_attn.q_proj,0.07583615928888321,0.09214600175619125,0.8230000138282776,seed42,0.5229741310586735,field_renaming,key_value_swap
0.15450012683868408,field_renaming_key_value_swap,0.017735072544642856,base_model.model.model.layers.7.self_attn.v_proj,0.030869953334331512,0.03334835171699524,0.9256815314292908,seed42,0.5442679268973214,field_renaming,key_value_swap
0.1975683867931366,field_renaming_key_value_swap,0.022748674665178572,base_model.model.model.layers.8.self_attn.k_proj,0.03152972459793091,0.031709685921669006,0.9943247437477112,seed42,0.5647670200892857,field_renaming,key_value_swap
0.16387519240379333,field_renaming_key_value_swap,0.018674266581632654,base_model.model.model.layers.8.self_attn.o_proj,0.08348280191421509,0.09229350090026855,0.9045360684394836,seed42,0.5490523357780612,field_renaming,key_value_swap
0.10604220628738403,field_renaming_key_value_swap,0.01874526666135204,base_model.model.model.layers.8.self_attn.q_proj,0.07710925489664078,0.08669310808181763,0.8894507884979248,seed42,0.5362723214285714,field_renaming,key_value_swap
0.14331038296222687,field_renaming_key_value_swap,0.0177001953125,base_model.model.model.layers.8.self_attn.v_proj,0.029206572100520134,0.03245296701788902,0.8999661803245544,seed42,0.5467529296875,field_renaming,key_value_swap
-0.027861570939421654,field_renaming_key_value_swap,0.01513671875,base_model.model.model.layers.9.self_attn.k_proj,0.02755551226437092,0.03324366733431816,0.828895092010498,seed42,0.4815586635044643,field_renaming,key_value_swap
0.15145280957221985,field_renaming_key_value_swap,0.015913982780612245,base_model.model.model.layers.9.self_attn.o_proj,0.08049098402261734,0.09064003825187683,0.8880290389060974,seed42,0.5484905632174745,field_renaming,key_value_swap
0.0070830401964485645,field_renaming_key_value_swap,0.018948301977040817,base_model.model.model.layers.9.self_attn.q_proj,0.0745883509516716,0.0853877067565918,0.8735256195068359,seed42,0.5007149832589286,field_renaming,key_value_swap
0.19842594861984253,field_renaming_key_value_swap,0.020560128348214284,base_model.model.model.layers.9.self_attn.v_proj,0.029527097940444946,0.031734440475702286,0.930443286895752,seed42,0.5630231584821429,field_renaming,key_value_swap
0.290853351354599,field_renaming_key_value_swap,0.023725237165178572,base_model.model.model.layers.0.self_attn.k_proj,0.033143579959869385,0.027211707085371017,0.8210249543190002,seed43,0.6065412248883929,field_renaming,key_value_swap
0.17092455923557281,field_renaming_key_value_swap,0.024646992586096938,base_model.model.model.layers.0.self_attn.o_proj,0.08014091849327087,0.08694333583116531,0.9217603206634521,seed43,0.5479761240433674,field_renaming,key_value_swap
-0.07573569566011429,field_renaming_key_value_swap,0.019960987324617346,base_model.model.model.layers.0.self_attn.q_proj,0.08183551579713821,0.0743488222360611,0.9085153341293335,seed43,0.48100062779017855,field_renaming,key_value_swap
0.07388491928577423,field_renaming_key_value_swap,0.022234235491071428,base_model.model.model.layers.0.self_attn.v_proj,0.029067043215036392,0.029710352420806885,0.9783473014831543,seed43,0.5288609095982143,field_renaming,key_value_swap
0.07036234438419342,field_renaming_key_value_swap,0.014482770647321428,base_model.model.model.layers.1.self_attn.k_proj,0.029689421877264977,0.03229524567723274,0.9193124771118164,seed43,0.5186505998883929,field_renaming,key_value_swap
0.22413982450962067,field_renaming_key_value_swap,0.02537567761479592,base_model.model.model.layers.1.self_attn.o_proj,0.08276155591011047,0.07986906915903091,0.9650503396987915,seed43,0.5701119559151786,field_renaming,key_value_swap
0.09522663056850433,field_renaming_key_value_swap,0.017205685985331634,base_model.model.model.layers.1.self_attn.q_proj,0.08250007778406143,0.08247633278369904,0.9997121691703796,seed43,0.531669772401148,field_renaming,key_value_swap
0.22986076772212982,field_renaming_key_value_swap,0.020176478794642856,base_model.model.model.layers.1.self_attn.v_proj,0.03043835051357746,0.029284633696079254,0.962096631526947,seed43,0.5775059291294643,field_renaming,key_value_swap
0.10332801938056946,field_renaming_key_value_swap,0.01666259765625,base_model.model.model.layers.10.self_attn.k_proj,0.028934169560670853,0.031235305592417717,0.9263290166854858,seed43,0.5345546177455357,field_renaming,key_value_swap
0.12910333275794983,field_renaming_key_value_swap,0.014614805883290817,base_model.model.model.layers.10.self_attn.o_proj,0.08247729390859604,0.09023403376340866,0.9140375256538391,seed43,0.5374133051658163,field_renaming,key_value_swap
0.15474151074886322,field_renaming_key_value_swap,0.015378368144132654,base_model.model.model.layers.10.self_attn.q_proj,0.08277783542871475,0.09157758206129074,0.9039093852043152,seed43,0.5537346041932398,field_renaming,key_value_swap
0.2650114893913269,field_renaming_key_value_swap,0.025913783482142856,base_model.model.model.layers.10.self_attn.v_proj,0.030905714258551598,0.03223363310098648,0.9588032960891724,seed43,0.5867571149553571,field_renaming,key_value_swap
0.28023117780685425,field_renaming_key_value_swap,0.0208740234375,base_model.model.model.layers.11.self_attn.k_proj,0.02839653193950653,0.032474204897880554,0.8744334578514099,seed43,0.5862775530133929,field_renaming,key_value_swap
0.20492658019065857,field_renaming_key_value_swap,0.026486766581632654,base_model.model.model.layers.11.self_attn.o_proj,0.08197711408138275,0.09046994894742966,0.9061253666877747,seed43,0.5538267797353317,field_renaming,key_value_swap
0.17081987857818604,field_renaming_key_value_swap,0.01917874083227041,base_model.model.model.layers.11.self_attn.q_proj,0.07924140989780426,0.08307140320539474,0.9538951516151428,seed43,0.5503054249043368,field_renaming,key_value_swap
0.3330882489681244,field_renaming_key_value_swap,0.03406633649553571,base_model.model.model.layers.11.self_attn.v_proj,0.03219982236623764,0.037187609821558,0.8658750057220459,seed43,0.6099591936383929,field_renaming,key_value_swap
0.2970203161239624,field_renaming_key_value_swap,0.019757952008928572,base_model.model.model.layers.12.self_attn.k_proj,0.030737122520804405,0.03512254357337952,0.8751394152641296,seed43,0.6006033761160714,field_renaming,key_value_swap
0.20809541642665863,field_renaming_key_value_swap,0.0200618821747449,base_model.model.model.layers.12.self_attn.o_proj,0.08404191583395004,0.09119223058223724,0.9215907454490662,seed43,0.5630817024075255,field_renaming,key_value_swap
0.19332970678806305,field_renaming_key_value_swap,0.021353585379464284,base_model.model.model.layers.12.self_attn.q_proj,0.08133195340633392,0.09064639359712601,0.8972442150115967,seed43,0.5542764469068877,field_renaming,key_value_swap
0.2181132286787033,field_renaming_key_value_swap,0.025591169084821428,base_model.model.model.layers.12.self_attn.v_proj,0.03379444405436516,0.033876411616802216,0.9975804090499878,seed43,0.5628487723214286,field_renaming,key_value_swap
0.06744688749313354,field_renaming_key_value_swap,0.020551409040178572,base_model.model.model.layers.13.self_attn.k_proj,0.028325719758868217,0.03468693047761917,0.8166107535362244,seed43,0.5179792131696429,field_renaming,key_value_swap
0.2156265377998352,field_renaming_key_value_swap,0.022311463647959183,base_model.model.model.layers.13.self_attn.o_proj,0.08542422950267792,0.09171650558710098,0.9313942790031433,seed43,0.5615358936543368,field_renaming,key_value_swap
-0.013649742119014263,field_renaming_key_value_swap,0.01894954759247449,base_model.model.model.layers.13.self_attn.q_proj,0.08197096735239029,0.0920068770647049,0.8909221887588501,seed43,0.4986995774872449,field_renaming,key_value_swap
0.2052043378353119,field_renaming_key_value_swap,0.019827706473214284,base_model.model.model.layers.13.self_attn.v_proj,0.031223103404045105,0.03373304009437561,0.9255940914154053,seed43,0.5654384068080357,field_renaming,key_value_swap
0.0823812186717987,field_renaming_key_value_swap,0.012721470424107142,base_model.model.model.layers.14.self_attn.k_proj,0.03193756565451622,0.036713916808366776,0.8699035048484802,seed43,0.5248064313616071,field_renaming,key_value_swap
0.1771104782819748,field_renaming_key_value_swap,0.024871203364158163,base_model.model.model.layers.14.self_attn.o_proj,0.08392907679080963,0.09200192242860794,0.9122534990310669,seed43,0.548271334901148,field_renaming,key_value_swap
0.1239810660481453,field_renaming_key_value_swap,0.01376529615752551,base_model.model.model.layers.14.self_attn.q_proj,0.08135231584310532,0.0910569280385971,0.8934226036071777,seed43,0.5440960319674745,field_renaming,key_value_swap
0.17874304950237274,field_renaming_key_value_swap,0.02587890625,base_model.model.model.layers.14.self_attn.v_proj,0.031945906579494476,0.034634824842214584,0.9223637580871582,seed43,0.55462646484375,field_renaming,key_value_swap
-0.07641108334064484,field_renaming_key_value_swap,0.022426060267857144,base_model.model.model.layers.15.self_attn.k_proj,0.028616903349757195,0.03202042356133461,0.893707811832428,seed43,0.47480991908482145,field_renaming,key_value_swap
0.1693498194217682,field_renaming_key_value_swap,0.021458217075892856,base_model.model.model.layers.15.self_attn.o_proj,0.0873248279094696,0.08984848856925964,0.9719120264053345,seed43,0.5435766103316326,field_renaming,key_value_swap
0.012865160591900349,field_renaming_key_value_swap,0.013983278858418368,base_model.model.model.layers.15.self_attn.q_proj,0.0831192135810852,0.0859023928642273,0.9676007032394409,seed43,0.5024613360969388,field_renaming,key_value_swap
0.25750991702079773,field_renaming_key_value_swap,0.026750837053571428,base_model.model.model.layers.15.self_attn.v_proj,0.03441544622182846,0.035621628165245056,0.9661390781402588,seed43,0.5712890625,field_renaming,key_value_swap
0.018242666497826576,field_renaming_key_value_swap,0.015032087053571428,base_model.model.model.layers.16.self_attn.k_proj,0.03106768988072872,0.02771580033004284,0.8921101093292236,seed43,0.50604248046875,field_renaming,key_value_swap
0.2183992862701416,field_renaming_key_value_swap,0.020917619977678572,base_model.model.model.layers.16.self_attn.o_proj,0.086375892162323,0.10517702251672745,0.8212429881095886,seed43,0.5666591099330357,field_renaming,key_value_swap
0.01284000463783741,field_renaming_key_value_swap,0.01661650988520408,base_model.model.model.layers.16.self_attn.q_proj,0.09001077711582184,0.0853721871972084,0.9484663009643555,seed43,0.5024675641741071,field_renaming,key_value_swap
0.18531472980976105,field_renaming_key_value_swap,0.019845145089285716,base_model.model.model.layers.16.self_attn.v_proj,0.029261482879519463,0.03543252870440483,0.825836718082428,seed43,0.5561174665178571,field_renaming,key_value_swap
0.29084452986717224,field_renaming_key_value_swap,0.021405901227678572,base_model.model.model.layers.17.self_attn.k_proj,0.03413447365164757,0.03240212798118591,0.9492493867874146,seed43,0.5925031389508929,field_renaming,key_value_swap
0.12367382645606995,field_renaming_key_value_swap,0.014934929049744899,base_model.model.model.layers.17.self_attn.o_proj,0.08344698697328568,0.0942210704088211,0.8856509923934937,seed43,0.5373298489317602,field_renaming,key_value_swap
0.1488252580165863,field_renaming_key_value_swap,0.016754773198341837,base_model.model.model.layers.17.self_attn.q_proj,0.08194425702095032,0.08530749380588531,0.9605751037597656,seed43,0.5487533880739796,field_renaming,key_value_swap
0.36592110991477966,field_renaming_key_value_swap,0.030735560825892856,base_model.model.model.layers.17.self_attn.v_proj,0.033308036625385284,0.034804608672857285,0.957000732421875,seed43,0.5973772321428571,field_renaming,key_value_swap
0.42509907484054565,field_renaming_key_value_swap,0.025565011160714284,base_model.model.model.layers.18.self_attn.k_proj,0.03217586502432823,0.03700455650687218,0.8695108890533447,seed43,0.6424734933035714,field_renaming,key_value_swap
0.24944894015789032,field_renaming_key_value_swap,0.021778340242346938,base_model.model.model.layers.18.self_attn.o_proj,0.08427568525075912,0.08999215066432953,0.9364781975746155,seed43,0.5747394172512755,field_renaming,key_value_swap
0.11542757600545883,field_renaming_key_value_swap,0.021454480229591837,base_model.model.model.layers.18.self_attn.q_proj,0.08232197165489197,0.09090789407491684,0.9055536389350891,seed43,0.5375279017857143,field_renaming,key_value_swap
0.19295023381710052,field_renaming_key_value_swap,0.023873465401785716,base_model.model.model.layers.18.self_attn.v_proj,0.02981875091791153,0.035065945237874985,0.8503621220588684,seed43,0.5613577706473214,field_renaming,key_value_swap
0.1752205491065979,field_renaming_key_value_swap,0.022295270647321428,base_model.model.model.layers.19.self_attn.k_proj,0.03229197859764099,0.03522641584277153,0.9166978001594543,seed43,0.5683244977678571,field_renaming,key_value_swap
0.24550138413906097,field_renaming_key_value_swap,0.023589465082908163,base_model.model.model.layers.19.self_attn.o_proj,0.08439363539218903,0.0936693623661995,0.9009737372398376,seed43,0.5707135881696429,field_renaming,key_value_swap
0.30897238850593567,field_renaming_key_value_swap,0.03207584303252551,base_model.model.model.layers.19.self_attn.q_proj,0.08565136790275574,0.09528541564941406,0.8988927602767944,seed43,0.5947078782684949,field_renaming,key_value_swap
0.30985549092292786,field_renaming_key_value_swap,0.023045131138392856,base_model.model.model.layers.19.self_attn.v_proj,0.03387099504470825,0.03303436189889908,0.9752994179725647,seed43,0.5938371930803571,field_renaming,key_value_swap
0.27044108510017395,field_renaming_key_value_swap,0.021937779017857144,base_model.model.model.layers.2.self_attn.k_proj,0.028995463624596596,0.03207796439528465,0.903905987739563,seed43,0.5748988560267857,field_renaming,key_value_swap
0.1764487475156784,field_renaming_key_value_swap,0.016675053810586735,base_model.model.model.layers.2.self_attn.o_proj,0.07998689264059067,0.08249343186616898,0.9696152806282043,seed43,0.5554610271843112,field_renaming,key_value_swap
0.22509056329727173,field_renaming_key_value_swap,0.01861572265625,base_model.model.model.layers.2.self_attn.q_proj,0.08102215081453323,0.0819295346736908,0.9889248013496399,seed43,0.5747942243303571,field_renaming,key_value_swap
0.13770966231822968,field_renaming_key_value_swap,0.022513253348214284,base_model.model.model.layers.2.self_attn.v_proj,0.03075018711388111,0.03084413707256317,0.9969540238380432,seed43,0.5426286969866071,field_renaming,key_value_swap
0.2782108783721924,field_renaming_key_value_swap,0.020010811941964284,base_model.model.model.layers.20.self_attn.k_proj,0.03473417088389397,0.03597286716103554,0.9655658006668091,seed43,0.5813249860491071,field_renaming,key_value_swap
0.13262660801410675,field_renaming_key_value_swap,0.02495341398278061,base_model.model.model.layers.20.self_attn.o_proj,0.0809551402926445,0.09307287633419037,0.869803786277771,seed43,0.533989108338648,field_renaming,key_value_swap
0.06726282089948654,field_renaming_key_value_swap,0.019439074457908163,base_model.model.model.layers.20.self_attn.q_proj,0.08657137304544449,0.10436408221721649,0.8295130729675293,seed43,0.5228732362085459,field_renaming,key_value_swap
0.13593682646751404,field_renaming_key_value_swap,0.0224609375,base_model.model.model.layers.20.self_attn.v_proj,0.033752452582120895,0.03785882517695427,0.8915346264839172,seed43,0.5429425920758929,field_renaming,key_value_swap
0.11516980081796646,field_renaming_key_value_swap,0.014875139508928572,base_model.model.model.layers.21.self_attn.k_proj,0.03428788110613823,0.03678279370069504,0.9321717619895935,seed43,0.5316249302455357,field_renaming,key_value_swap
0.18153445422649384,field_renaming_key_value_swap,0.01953498684630102,base_model.model.model.layers.21.self_attn.o_proj,0.08954711258411407,0.10607660561800003,0.8441740274429321,seed43,0.5563989756058674,field_renaming,key_value_swap
0.14343814551830292,field_renaming_key_value_swap,0.020121671715561226,base_model.model.model.layers.21.self_attn.q_proj,0.08616948127746582,0.0957733765244484,0.899722695350647,seed43,0.5431618203922194,field_renaming,key_value_swap
0.052468881011009216,field_renaming_key_value_swap,0.023725237165178572,base_model.model.model.layers.21.self_attn.v_proj,0.03346392884850502,0.03721240907907486,0.8992680311203003,seed43,0.5002005440848214,field_renaming,key_value_swap
-0.0045118555426597595,field_renaming_key_value_swap,0.022504534040178572,base_model.model.model.layers.22.self_attn.k_proj,0.034839846193790436,0.034862831234931946,0.9993407130241394,seed43,0.50018310546875,field_renaming,key_value_swap
0.12045350670814514,field_renaming_key_value_swap,0.014622279575892858,base_model.model.model.layers.22.self_attn.o_proj,0.09119411557912827,0.10418132692575455,0.8753403425216675,seed43,0.538078463807398,field_renaming,key_value_swap
0.09443077445030212,field_renaming_key_value_swap,0.017418686224489797,base_model.model.model.layers.22.self_attn.q_proj,0.0880800187587738,0.09613215923309326,0.9162388443946838,seed43,0.5320172991071429,field_renaming,key_value_swap
0.049200184643268585,field_renaming_key_value_swap,0.013916015625,base_model.model.model.layers.22.self_attn.v_proj,0.03255503997206688,0.04056932404637337,0.8024545907974243,seed43,0.5133492606026786,field_renaming,key_value_swap
0.054908636957407,field_renaming_key_value_swap,0.016200474330357144,base_model.model.model.layers.23.self_attn.k_proj,0.03172703832387924,0.035435620695352554,0.8953431248664856,seed43,0.5246843610491071,field_renaming,key_value_swap
0.08305921405553818,field_renaming_key_value_swap,0.017199457908163265,base_model.model.model.layers.23.self_attn.o_proj,0.08788778632879257,0.10948454588651657,0.8027414679527283,seed43,0.5205875318877551,field_renaming,key_value_swap
0.2101491540670395,field_renaming_key_value_swap,0.02347611407844388,base_model.model.model.layers.23.self_attn.q_proj,0.08851157128810883,0.10873594880104065,0.81400465965271,seed43,0.5656601263552296,field_renaming,key_value_swap
0.1248171329498291,field_renaming_key_value_swap,0.018650599888392856,base_model.model.model.layers.23.self_attn.v_proj,0.03277803212404251,0.042080774903297424,0.7789312601089478,seed43,0.54266357421875,field_renaming,key_value_swap
0.32016101479530334,field_renaming_key_value_swap,0.021562848772321428,base_model.model.model.layers.3.self_attn.k_proj,0.029829353094100952,0.03037312813103199,0.9820968508720398,seed43,0.5990251813616071,field_renaming,key_value_swap
0.2620169222354889,field_renaming_key_value_swap,0.023468640385841837,base_model.model.model.layers.3.self_attn.o_proj,0.08259814977645874,0.0839071199297905,0.9843997955322266,seed43,0.5818008111447704,field_renaming,key_value_swap
0.233284592628479,field_renaming_key_value_swap,0.022545639349489797,base_model.model.model.layers.3.self_attn.q_proj,0.07810737192630768,0.08289802074432373,0.94221031665802,seed43,0.5718109753667092,field_renaming,key_value_swap
0.2207462191581726,field_renaming_key_value_swap,0.029000418526785716,base_model.model.model.layers.3.self_attn.v_proj,0.030235029757022858,0.03047816827893257,0.9920225143432617,seed43,0.5633893694196429,field_renaming,key_value_swap
0.10211344063282013,field_renaming_key_value_swap,0.018772670200892856,base_model.model.model.layers.4.self_attn.k_proj,0.02978934906423092,0.029907438904047012,0.9960514903068542,seed43,0.5318080357142857,field_renaming,key_value_swap
0.20255933701992035,field_renaming_key_value_swap,0.019838917012117346,base_model.model.model.layers.4.self_attn.o_proj,0.08130773901939392,0.08540794998407364,0.9519926309585571,seed43,0.5626519650829082,field_renaming,key_value_swap
0.2256322056055069,field_renaming_key_value_swap,0.020193917410714284,base_model.model.model.layers.4.self_attn.q_proj,0.08033255487680435,0.08494651317596436,0.9456839561462402,seed43,0.574592434630102,field_renaming,key_value_swap
0.19585955142974854,field_renaming_key_value_swap,0.025033133370535716,base_model.model.model.layers.4.self_attn.v_proj,0.03148302435874939,0.031780585646629333,0.9906370043754578,seed43,0.5656563895089286,field_renaming,key_value_swap
-0.04788504168391228,field_renaming_key_value_swap,0.015145438058035714,base_model.model.model.layers.5.self_attn.k_proj,0.029733270406723022,0.028436578810214996,0.9563891887664795,seed43,0.4845668247767857,field_renaming,key_value_swap
0.14280521869659424,field_renaming_key_value_swap,0.020928830516581634,base_model.model.model.layers.5.self_attn.o_proj,0.080012746155262,0.0906934142112732,0.8822332620620728,seed43,0.5393626933195153,field_renaming,key_value_swap
0.10012093931436539,field_renaming_key_value_swap,0.016657615194515307,base_model.model.model.layers.5.self_attn.q_proj,0.07664806395769119,0.08070320636034012,0.9497523903846741,seed43,0.5347190389827806,field_renaming,key_value_swap
0.11014805734157562,field_renaming_key_value_swap,0.022208077566964284,base_model.model.model.layers.5.self_attn.v_proj,0.030806340277194977,0.02982201799750328,0.9680480360984802,seed43,0.5357230050223214,field_renaming,key_value_swap
0.0704711303114891,field_renaming_key_value_swap,0.023202078683035716,base_model.model.model.layers.6.self_attn.k_proj,0.02722770720720291,0.028911378234624863,0.9417644143104553,seed43,0.5048653738839286,field_renaming,key_value_swap
0.14374768733978271,field_renaming_key_value_swap,0.016883071588010203,base_model.model.model.layers.6.self_attn.o_proj,0.08089922368526459,0.08813919126987457,0.9178575873374939,seed43,0.5414453623246174,field_renaming,key_value_swap
0.1387346237897873,field_renaming_key_value_swap,0.018362862723214284,base_model.model.model.layers.6.self_attn.q_proj,0.0775478184223175,0.08605551719665527,0.901137113571167,seed43,0.5491532306281888,field_renaming,key_value_swap
0.06802629679441452,field_renaming_key_value_swap,0.020560128348214284,base_model.model.model.layers.6.self_attn.v_proj,0.029125096276402473,0.029786236584186554,0.9778038263320923,seed43,0.5204642159598214,field_renaming,key_value_swap
0.03520554304122925,field_renaming_key_value_swap,0.017778669084821428,base_model.model.model.layers.7.self_attn.k_proj,0.028548574075102806,0.02983364835381508,0.9569253325462341,seed43,0.5003749302455357,field_renaming,key_value_swap
0.15985819697380066,field_renaming_key_value_swap,0.015517877072704082,base_model.model.model.layers.7.self_attn.o_proj,0.08225558698177338,0.08718881756067276,0.9434189796447754,seed43,0.5492840202487245,field_renaming,key_value_swap
0.05605282634496689,field_renaming_key_value_swap,0.018994389748086735,base_model.model.model.layers.7.self_attn.q_proj,0.07714622467756271,0.0962199717760086,0.8017693758010864,seed43,0.5141165597098214,field_renaming,key_value_swap
0.19716891646385193,field_renaming_key_value_swap,0.020708356584821428,base_model.model.model.layers.7.self_attn.v_proj,0.030577221885323524,0.03230775147676468,0.9464361071586609,seed43,0.5529261997767857,field_renaming,key_value_swap
0.1060633584856987,field_renaming_key_value_swap,0.016793387276785716,base_model.model.model.layers.8.self_attn.k_proj,0.03145415335893631,0.03094905987381935,0.983941912651062,seed43,0.5396902901785714,field_renaming,key_value_swap
0.14814393222332,field_renaming_key_value_swap,0.015399543606505101,base_model.model.model.layers.8.self_attn.o_proj,0.0815611332654953,0.08982185274362564,0.9080321788787842,seed43,0.5462472098214286,field_renaming,key_value_swap
0.17754749953746796,field_renaming_key_value_swap,0.0202213209502551,base_model.model.model.layers.8.self_attn.q_proj,0.08186531066894531,0.08907607197761536,0.9190493822097778,seed43,0.5521451988998725,field_renaming,key_value_swap
0.21733230352401733,field_renaming_key_value_swap,0.022705078125,base_model.model.model.layers.8.self_attn.v_proj,0.03114425577223301,0.03143134340643883,0.9908661842346191,seed43,0.56524658203125,field_renaming,key_value_swap
0.008566295728087425,field_renaming_key_value_swap,0.013035365513392858,base_model.model.model.layers.9.self_attn.k_proj,0.02798256278038025,0.03366547450423241,0.8311946392059326,seed43,0.5103672572544643,field_renaming,key_value_swap
0.1976747363805771,field_renaming_key_value_swap,0.020477917729591837,base_model.model.model.layers.9.self_attn.o_proj,0.08185404539108276,0.09268392622470856,0.8831525444984436,seed43,0.5571762396364796,field_renaming,key_value_swap
-0.012542071752250195,field_renaming_key_value_swap,0.016840720663265307,base_model.model.model.layers.9.self_attn.q_proj,0.0756232738494873,0.08755961805582047,0.8636775016784668,seed43,0.4929149394132653,field_renaming,key_value_swap
0.18127091228961945,field_renaming_key_value_swap,0.025591169084821428,base_model.model.model.layers.9.self_attn.v_proj,0.030679825693368912,0.031083431094884872,0.987015426158905,seed43,0.5587681361607143,field_renaming,key_value_swap
0.05271603912115097,field_renaming_key_value_swap,0.021405901227678572,base_model.model.model.layers.0.self_attn.k_proj,0.029168516397476196,0.027704834938049316,0.949819803237915,seed44,0.5241612025669643,field_renaming,key_value_swap
0.1959364265203476,field_renaming_key_value_swap,0.02100605867346939,base_model.model.model.layers.0.self_attn.o_proj,0.08130565285682678,0.08808720111846924,0.9230132102966309,seed44,0.5621699119100765,field_renaming,key_value_swap
0.07748778909444809,field_renaming_key_value_swap,0.019320740991709183,base_model.model.model.layers.0.self_attn.q_proj,0.07984568923711777,0.07607640326023102,0.9527928829193115,seed44,0.5257518534757653,field_renaming,key_value_swap
0.12248636037111282,field_renaming_key_value_swap,0.024876185825892856,base_model.model.model.layers.0.self_attn.v_proj,0.030758246779441833,0.03284362703561783,0.9365057945251465,seed44,0.53497314453125,field_renaming,key_value_swap
0.18452756106853485,field_renaming_key_value_swap,0.020350864955357144,base_model.model.model.layers.1.self_attn.k_proj,0.030901949852705002,0.03230832889676094,0.9564700722694397,seed44,0.5581752232142857,field_renaming,key_value_swap
0.24037595093250275,field_renaming_key_value_swap,0.023047622369260203,base_model.model.model.layers.1.self_attn.o_proj,0.08102787286043167,0.08614759892225266,0.9405702948570251,seed44,0.5773577008928571,field_renaming,key_value_swap
0.1251543015241623,field_renaming_key_value_swap,0.01769023038903061,base_model.model.model.layers.1.self_attn.q_proj,0.0807957723736763,0.08823410421609879,0.9156977534294128,seed44,0.5430870834661989,field_renaming,key_value_swap
0.24253952503204346,field_renaming_key_value_swap,0.020769391741071428,base_model.model.model.layers.1.self_attn.v_proj,0.031634069979190826,0.031668104231357574,0.9989252686500549,seed44,0.5716814313616071,field_renaming,key_value_swap
0.15363354980945587,field_renaming_key_value_swap,0.014011928013392858,base_model.model.model.layers.10.self_attn.k_proj,0.0302222091704607,0.03482738137245178,0.8677715063095093,seed44,0.5475289481026786,field_renaming,key_value_swap
0.23551742732524872,field_renaming_key_value_swap,0.024074009486607144,base_model.model.model.layers.10.self_attn.o_proj,0.0829044058918953,0.09617156535387039,0.8620469570159912,seed44,0.5701256576849489,field_renaming,key_value_swap
0.12580911815166473,field_renaming_key_value_swap,0.015009665975765306,base_model.model.model.layers.10.self_attn.q_proj,0.07981979846954346,0.0930933728814125,0.857416570186615,seed44,0.5423882932079082,field_renaming,key_value_swap
0.2449250966310501,field_renaming_key_value_swap,0.019932338169642856,base_model.model.model.layers.10.self_attn.v_proj,0.03075842745602131,0.03291821852326393,0.9343891739845276,seed44,0.5777151925223214,field_renaming,key_value_swap
0.1820148527622223,field_renaming_key_value_swap,0.017482212611607144,base_model.model.model.layers.11.self_attn.k_proj,0.026982322335243225,0.03245260939002037,0.8314377069473267,seed44,0.5654384068080357,field_renaming,key_value_swap
0.16928274929523468,field_renaming_key_value_swap,0.016535544882015307,base_model.model.model.layers.11.self_attn.o_proj,0.08198462426662445,0.0938136950135231,0.8739089369773865,seed44,0.5556254484215561,field_renaming,key_value_swap
0.1153339073061943,field_renaming_key_value_swap,0.02058254942602041,base_model.model.model.layers.11.self_attn.q_proj,0.07722118496894836,0.08710633963346481,0.8865162134170532,seed44,0.5246457469706632,field_renaming,key_value_swap
0.27883023023605347,field_renaming_key_value_swap,0.027727399553571428,base_model.model.model.layers.11.self_attn.v_proj,0.032504286617040634,0.03671904653310776,0.8852159976959229,seed44,0.58856201171875,field_renaming,key_value_swap
0.2273358702659607,field_renaming_key_value_swap,0.01995849609375,base_model.model.model.layers.12.self_attn.k_proj,0.030709298327565193,0.037542909383773804,0.8179786205291748,seed44,0.5754481724330357,field_renaming,key_value_swap
0.2101159691810608,field_renaming_key_value_swap,0.02204365632971939,base_model.model.model.layers.12.self_attn.o_proj,0.08425196260213852,0.09613239765167236,0.8764159083366394,seed44,0.5590384347098214,field_renaming,key_value_swap
0.2028140127658844,field_renaming_key_value_swap,0.02290188536352041,base_model.model.model.layers.12.self_attn.q_proj,0.08270581811666489,0.09306823462247849,0.8886578679084778,seed44,0.5608308753188775,field_renaming,key_value_swap
0.11150066554546356,field_renaming_key_value_swap,0.018668038504464284,base_model.model.model.layers.12.self_attn.v_proj,0.031925007700920105,0.03453142195940018,0.9245204925537109,seed44,0.5281720842633929,field_renaming,key_value_swap
0.1009807363152504,field_renaming_key_value_swap,0.019191196986607144,base_model.model.model.layers.13.self_attn.k_proj,0.03087550960481167,0.03762210160493851,0.8206747770309448,seed44,0.5339006696428571,field_renaming,key_value_swap
0.14505615830421448,field_renaming_key_value_swap,0.015889070471938774,base_model.model.model.layers.13.self_attn.o_proj,0.08734214305877686,0.09985131770372391,0.8747220039367676,seed44,0.5437298210299745,field_renaming,key_value_swap
0.18665912747383118,field_renaming_key_value_swap,0.021045918367346938,base_model.model.model.layers.13.self_attn.q_proj,0.08598809689283371,0.09463232010602951,0.9086546301841736,seed44,0.5548930265465561,field_renaming,key_value_swap
0.18091832101345062,field_renaming_key_value_swap,0.026811872209821428,base_model.model.model.layers.13.self_attn.v_proj,0.031216364353895187,0.035993147641420364,0.8672863245010376,seed44,0.5587681361607143,field_renaming,key_value_swap
0.020284725353121758,field_renaming_key_value_swap,0.015093122209821428,base_model.model.model.layers.14.self_attn.k_proj,0.033748697489500046,0.038185276091098785,0.8838143944740295,seed44,0.5043770926339286,field_renaming,key_value_swap
0.07679881900548935,field_renaming_key_value_swap,0.01496482382015306,base_model.model.model.layers.14.self_attn.o_proj,0.08356742560863495,0.09817256033420563,0.8512299656867981,seed44,0.5185634068080357,field_renaming,key_value_swap
0.019146151840686798,field_renaming_key_value_swap,0.015852947624362245,base_model.model.model.layers.14.self_attn.q_proj,0.08470714092254639,0.09912832826375961,0.8545200228691101,seed44,0.5052577427455357,field_renaming,key_value_swap
0.10495049506425858,field_renaming_key_value_swap,0.0169677734375,base_model.model.model.layers.14.self_attn.v_proj,0.030645741149783134,0.035601504147052765,0.8607990741729736,seed44,0.5439453125,field_renaming,key_value_swap
-0.15137939155101776,field_renaming_key_value_swap,0.018327985491071428,base_model.model.model.layers.15.self_attn.k_proj,0.03131788969039917,0.032606467604637146,0.9604809284210205,seed44,0.45656040736607145,field_renaming,key_value_swap
0.19641456007957458,field_renaming_key_value_swap,0.02046919842155612,base_model.model.model.layers.15.self_attn.o_proj,0.08775923401117325,0.10043054819107056,0.8738300800323486,seed44,0.5509120396205357,field_renaming,key_value_swap
0.010282653383910656,field_renaming_key_value_swap,0.017109773596938774,base_model.model.model.layers.15.self_attn.q_proj,0.08648023754358292,0.08932369202375412,0.9681668281555176,seed44,0.5006576849489796,field_renaming,key_value_swap
0.22201105952262878,field_renaming_key_value_swap,0.018790108816964284,base_model.model.model.layers.15.self_attn.v_proj,0.032034680247306824,0.03649640828371048,0.8777488470077515,seed44,0.5661969866071429,field_renaming,key_value_swap
0.12811270356178284,field_renaming_key_value_swap,0.016915457589285716,base_model.model.model.layers.16.self_attn.k_proj,0.031194156035780907,0.0308490302413702,0.988936185836792,seed44,0.5374755859375,field_renaming,key_value_swap
0.2780633866786957,field_renaming_key_value_swap,0.020025759327168366,base_model.model.model.layers.16.self_attn.o_proj,0.09195084869861603,0.10676539689302444,0.8612420558929443,seed44,0.5904129962531888,field_renaming,key_value_swap
0.0817703977227211,field_renaming_key_value_swap,0.019974689094387755,base_model.model.model.layers.16.self_attn.q_proj,0.08638174086809158,0.08793430030345917,0.9823440909385681,seed44,0.5190242845184949,field_renaming,key_value_swap
0.16330108046531677,field_renaming_key_value_swap,0.019696916852678572,base_model.model.model.layers.16.self_attn.v_proj,0.029808763414621353,0.036407195031642914,0.8187602162361145,seed44,0.5521327427455357,field_renaming,key_value_swap
0.3377187252044678,field_renaming_key_value_swap,0.021937779017857144,base_model.model.model.layers.17.self_attn.k_proj,0.03694506362080574,0.03609500825405121,0.9769913554191589,seed44,0.5995221819196429,field_renaming,key_value_swap
0.24303536117076874,field_renaming_key_value_swap,0.02786815409757653,base_model.model.model.layers.17.self_attn.o_proj,0.08350428938865662,0.09667093306779861,0.8637993335723877,seed44,0.5738388372927296,field_renaming,key_value_swap
0.24469119310379028,field_renaming_key_value_swap,0.02452865911989796,base_model.model.model.layers.17.self_attn.q_proj,0.08334393054246902,0.09417462348937988,0.8849934935569763,seed44,0.5821508290816326,field_renaming,key_value_swap
0.43690386414527893,field_renaming_key_value_swap,0.031956263950892856,base_model.model.model.layers.17.self_attn.v_proj,0.03533193841576576,0.036826372146606445,0.9594194889068604,seed44,0.6179635184151786,field_renaming,key_value_swap
0.3330402076244354,field_renaming_key_value_swap,0.024911063058035716,base_model.model.model.layers.18.self_attn.k_proj,0.03369370475411415,0.03789547085762024,0.8891221880912781,seed44,0.6090523856026786,field_renaming,key_value_swap
0.22034868597984314,field_renaming_key_value_swap,0.02807990872130102,base_model.model.model.layers.18.self_attn.o_proj,0.08462042361497879,0.09853997826576233,0.8587420582771301,seed44,0.564628756776148,field_renaming,key_value_swap
0.09983978420495987,field_renaming_key_value_swap,0.022860780054209183,base_model.model.model.layers.18.self_attn.q_proj,0.08683916181325912,0.09565723687410355,0.9078159332275391,seed44,0.5292931381536989,field_renaming,key_value_swap
0.20819774270057678,field_renaming_key_value_swap,0.024788992745535716,base_model.model.model.layers.18.self_attn.v_proj,0.03128483518958092,0.03668420761823654,0.852814793586731,seed44,0.5574166434151786,field_renaming,key_value_swap
0.10478216409683228,field_renaming_key_value_swap,0.021440778459821428,base_model.model.model.layers.19.self_attn.k_proj,0.032328568398952484,0.03761611878871918,0.8594339489936829,seed44,0.5267769949776786,field_renaming,key_value_swap
0.2973169684410095,field_renaming_key_value_swap,0.022322674186862245,base_model.model.model.layers.19.self_attn.o_proj,0.0875459536910057,0.10298779606819153,0.8500614166259766,seed44,0.599189602598852,field_renaming,key_value_swap
0.21858997642993927,field_renaming_key_value_swap,0.022315200494260203,base_model.model.model.layers.19.self_attn.q_proj,0.08821715414524078,0.10155100375413895,0.868698000907898,seed44,0.5708854830994898,field_renaming,key_value_swap
0.37839651107788086,field_renaming_key_value_swap,0.03141566685267857,base_model.model.model.layers.19.self_attn.v_proj,0.03322994336485863,0.03304757922887802,0.9945120811462402,seed44,0.6197596958705357,field_renaming,key_value_swap
0.47912028431892395,field_renaming_key_value_swap,0.03160749162946429,base_model.model.model.layers.2.self_attn.k_proj,0.02939676120877266,0.032051533460617065,0.9171717762947083,seed44,0.6611066545758929,field_renaming,key_value_swap
0.2145748883485794,field_renaming_key_value_swap,0.01696029974489796,base_model.model.model.layers.2.self_attn.o_proj,0.0814967080950737,0.08350039273500443,0.976003885269165,seed44,0.5705367107780612,field_renaming,key_value_swap
0.17666836082935333,field_renaming_key_value_swap,0.020710847815688774,base_model.model.model.layers.2.self_attn.q_proj,0.08092524856328964,0.08472902327775955,0.9551066160202026,seed44,0.5590571189413265,field_renaming,key_value_swap
0.1776677519083023,field_renaming_key_value_swap,0.023533412388392856,base_model.model.model.layers.2.self_attn.v_proj,0.031146002933382988,0.03249484300613403,0.9584906697273254,seed44,0.5636945452008929,field_renaming,key_value_swap
0.24986237287521362,field_renaming_key_value_swap,0.02294921875,base_model.model.model.layers.20.self_attn.k_proj,0.03587178885936737,0.03615326061844826,0.9922145009040833,seed44,0.5745675223214286,field_renaming,key_value_swap
0.21424579620361328,field_renaming_key_value_swap,0.024660694355867346,base_model.model.model.layers.20.self_attn.o_proj,0.08704396337270737,0.10207517445087433,0.8527436852455139,seed44,0.568916165098852,field_renaming,key_value_swap
0.18583983182907104,field_renaming_key_value_swap,0.02709213568239796,base_model.model.model.layers.20.self_attn.q_proj,0.09081389755010605,0.10612988471984863,0.855686366558075,seed44,0.5551658163265306,field_renaming,key_value_swap
0.22144053876399994,field_renaming_key_value_swap,0.027369907924107144,base_model.model.model.layers.20.self_attn.v_proj,0.033723730593919754,0.03931516781449318,0.8577791452407837,seed44,0.57427978515625,field_renaming,key_value_swap
0.13103339076042175,field_renaming_key_value_swap,0.013044084821428572,base_model.model.model.layers.21.self_attn.k_proj,0.035459764301776886,0.03670581057667732,0.9660531878471375,seed44,0.5362112862723214,field_renaming,key_value_swap
0.07789281010627747,field_renaming_key_value_swap,0.025467853156887755,base_model.model.model.layers.21.self_attn.o_proj,0.09247618168592453,0.11372639983892441,0.8131461143493652,seed44,0.5264381875797194,field_renaming,key_value_swap
0.062065087258815765,field_renaming_key_value_swap,0.02078060227997449,base_model.model.model.layers.21.self_attn.q_proj,0.09168738126754761,0.10391873866319656,0.8822988271713257,seed44,0.5154356664540817,field_renaming,key_value_swap
0.06976278126239777,field_renaming_key_value_swap,0.01861572265625,base_model.model.model.layers.21.self_attn.v_proj,0.03396781533956528,0.039815858006477356,0.8531227707862854,seed44,0.5268990652901786,field_renaming,key_value_swap
-0.022562013939023018,field_renaming_key_value_swap,0.015389578683035714,base_model.model.model.layers.22.self_attn.k_proj,0.03160453215241432,0.037053607404232025,0.8529407382011414,seed44,0.49569266183035715,field_renaming,key_value_swap
0.0941147580742836,field_renaming_key_value_swap,0.016566685267857144,base_model.model.model.layers.22.self_attn.o_proj,0.09503328800201416,0.11549866944551468,0.8228085041046143,seed44,0.53363037109375,field_renaming,key_value_swap
-0.060702625662088394,field_renaming_key_value_swap,0.02097118144132653,base_model.model.model.layers.22.self_attn.q_proj,0.08591590821743011,0.10502173751592636,0.8180773854255676,seed44,0.49026302415497447,field_renaming,key_value_swap
0.028742454946041107,field_renaming_key_value_swap,0.017534528459821428,base_model.model.model.layers.22.self_attn.v_proj,0.03539162129163742,0.04158707708120346,0.8510245084762573,seed44,0.5081961495535714,field_renaming,key_value_swap
0.20704297721385956,field_renaming_key_value_swap,0.015005929129464286,base_model.model.model.layers.23.self_attn.k_proj,0.03048000857234001,0.03751840069890022,0.8124015927314758,seed44,0.5843680245535714,field_renaming,key_value_swap
0.0780571922659874,field_renaming_key_value_swap,0.017537019690688774,base_model.model.model.layers.23.self_attn.o_proj,0.0917731523513794,0.11588844656944275,0.791909396648407,seed44,0.5309734733737245,field_renaming,key_value_swap
0.11344204097986221,field_renaming_key_value_swap,0.020897690130739797,base_model.model.model.layers.23.self_attn.q_proj,0.08838076144456863,0.10704135149717331,0.8256693482398987,seed44,0.5349532146843112,field_renaming,key_value_swap
0.16071544587612152,field_renaming_key_value_swap,0.018502371651785716,base_model.model.model.layers.23.self_attn.v_proj,0.034293677657842636,0.04045621678233147,0.8476738929748535,seed44,0.5526297433035714,field_renaming,key_value_swap
0.31859827041625977,field_renaming_key_value_swap,0.021946498325892856,base_model.model.model.layers.3.self_attn.k_proj,0.030659588053822517,0.030388489365577698,0.9911577701568604,seed44,0.5997314453125,field_renaming,key_value_swap
0.28956833481788635,field_renaming_key_value_swap,0.025604870854591837,base_model.model.model.layers.3.self_attn.o_proj,0.08536600321531296,0.09384629130363464,0.909636378288269,seed44,0.5936117366868623,field_renaming,key_value_swap
0.2148907482624054,field_renaming_key_value_swap,0.02004444355867347,base_model.model.model.layers.3.self_attn.q_proj,0.08169782161712646,0.081816166639328,0.9985535144805908,seed44,0.5616891043526786,field_renaming,key_value_swap
0.2093629688024521,field_renaming_key_value_swap,0.024937220982142856,base_model.model.model.layers.3.self_attn.v_proj,0.030017396435141563,0.031055321916937828,0.9665781855583191,seed44,0.5668247767857143,field_renaming,key_value_swap
0.24470874667167664,field_renaming_key_value_swap,0.019818987165178572,base_model.model.model.layers.4.self_attn.k_proj,0.030401013791561127,0.032519061118364334,0.9348675012588501,seed44,0.5773664202008929,field_renaming,key_value_swap
0.24360518157482147,field_renaming_key_value_swap,0.020674724968112245,base_model.model.model.layers.4.self_attn.o_proj,0.08262301236391068,0.09253595024347305,0.8928747177124023,seed44,0.5784862284757653,field_renaming,key_value_swap
0.2836509943008423,field_renaming_key_value_swap,0.030447823660714284,base_model.model.model.layers.4.self_attn.q_proj,0.08397417515516281,0.08808986842632294,0.9532784819602966,seed44,0.5878171336894132,field_renaming,key_value_swap
0.21455837786197662,field_renaming_key_value_swap,0.02734375,base_model.model.model.layers.4.self_attn.v_proj,0.031033243983983994,0.0332440510392189,0.9334976673126221,seed44,0.5767735072544643,field_renaming,key_value_swap
-0.01785138063132763,field_renaming_key_value_swap,0.015904017857142856,base_model.model.model.layers.5.self_attn.k_proj,0.03057299181818962,0.02837504632771015,0.928108274936676,seed44,0.5042201450892857,field_renaming,key_value_swap
0.19070225954055786,field_renaming_key_value_swap,0.020396952726403062,base_model.model.model.layers.5.self_attn.o_proj,0.0816359892487526,0.09000841528177261,0.9069817662239075,seed44,0.5617501395089286,field_renaming,key_value_swap
0.1398971825838089,field_renaming_key_value_swap,0.018144880022321428,base_model.model.model.layers.5.self_attn.q_proj,0.08030369132757187,0.0849137157201767,0.9457092881202698,seed44,0.5390799386160714,field_renaming,key_value_swap
0.15961848199367523,field_renaming_key_value_swap,0.021763392857142856,base_model.model.model.layers.5.self_attn.v_proj,0.029996829107403755,0.0309310220181942,0.9697975516319275,seed44,0.5543038504464286,field_renaming,key_value_swap
0.07897516340017319,field_renaming_key_value_swap,0.025896344866071428,base_model.model.model.layers.6.self_attn.k_proj,0.028640802949666977,0.031078249216079712,0.9215706586837769,seed44,0.5332205636160714,field_renaming,key_value_swap
0.16904109716415405,field_renaming_key_value_swap,0.017717633928571428,base_model.model.model.layers.6.self_attn.o_proj,0.08259646594524384,0.09368131309747696,0.8816749453544617,seed44,0.5505234076052296,field_renaming,key_value_swap
0.07709560543298721,field_renaming_key_value_swap,0.018103774713010203,base_model.model.model.layers.6.self_attn.q_proj,0.07926288992166519,0.0835946574807167,0.9481812715530396,seed44,0.5292146643813775,field_renaming,key_value_swap
0.11839067935943604,field_renaming_key_value_swap,0.020263671875,base_model.model.model.layers.6.self_attn.v_proj,0.02989920601248741,0.032174594700336456,0.9292799830436707,seed44,0.5368565150669643,field_renaming,key_value_swap
0.051629748195409775,field_renaming_key_value_swap,0.01800537109375,base_model.model.model.layers.7.self_attn.k_proj,0.02901335060596466,0.03249972686171532,0.8927260041236877,seed44,0.5070103236607143,field_renaming,key_value_swap
0.14914804697036743,field_renaming_key_value_swap,0.015758280851403062,base_model.model.model.layers.7.self_attn.o_proj,0.08316803723573685,0.09006629139184952,0.9234091639518738,seed44,0.5477182816485969,field_renaming,key_value_swap
0.12505236268043518,field_renaming_key_value_swap,0.022624113121811226,base_model.model.model.layers.7.self_attn.q_proj,0.08066163212060928,0.09537997841835022,0.8456872701644897,seed44,0.5353717414700255,field_renaming,key_value_swap
0.25496959686279297,field_renaming_key_value_swap,0.022774832589285716,base_model.model.model.layers.7.self_attn.v_proj,0.02997049130499363,0.0328395776450634,0.9126332998275757,seed44,0.5843593052455357,field_renaming,key_value_swap
0.21230266988277435,field_renaming_key_value_swap,0.017307826450892856,base_model.model.model.layers.8.self_attn.k_proj,0.028580261394381523,0.03352445363998413,0.8525198101997375,seed44,0.5769566127232143,field_renaming,key_value_swap
0.16839100420475006,field_renaming_key_value_swap,0.018435108418367346,base_model.model.model.layers.8.self_attn.o_proj,0.08195599913597107,0.09322796761989594,0.8790923953056335,seed44,0.550422512755102,field_renaming,key_value_swap
0.1717073917388916,field_renaming_key_value_swap,0.0211368482940051,base_model.model.model.layers.8.self_attn.q_proj,0.07916015386581421,0.09097485989332199,0.8701322078704834,seed44,0.5558932557397959,field_renaming,key_value_swap
0.19289574027061462,field_renaming_key_value_swap,0.027762276785714284,base_model.model.model.layers.8.self_attn.v_proj,0.0303855761885643,0.03395441919565201,0.8948931097984314,seed44,0.5622297014508929,field_renaming,key_value_swap
0.009434826672077179,field_renaming_key_value_swap,0.016008649553571428,base_model.model.model.layers.9.self_attn.k_proj,0.027898292988538742,0.03322349116206169,0.8397158980369568,seed44,0.5026157924107143,field_renaming,key_value_swap
0.16774792969226837,field_renaming_key_value_swap,0.01949263592155612,base_model.model.model.layers.9.self_attn.o_proj,0.08125876635313034,0.09442473202943802,0.8605665564537048,seed44,0.5529311822385204,field_renaming,key_value_swap
0.0774347335100174,field_renaming_key_value_swap,0.01631880779655612,base_model.model.model.layers.9.self_attn.q_proj,0.0760234147310257,0.08634443581104279,0.880466878414154,seed44,0.5265627491230868,field_renaming,key_value_swap
0.2047850787639618,field_renaming_key_value_swap,0.023542131696428572,base_model.model.model.layers.9.self_attn.v_proj,0.030817613005638123,0.03126056492328644,0.9858303070068359,seed44,0.5606951032366071,field_renaming,key_value_swap
0.36285674571990967,field_sorting_duplicate_removal,0.020499093191964284,base_model.model.model.layers.0.self_attn.k_proj,0.02226179651916027,0.027977997437119484,0.7956894040107727,seed42,0.60748291015625,duplicate_removal,field_sorting
0.2580723166465759,field_sorting_duplicate_removal,0.023031429368622448,base_model.model.model.layers.0.self_attn.o_proj,0.07219736278057098,0.08238508552312851,0.8763402104377747,seed42,0.5831361108896683,duplicate_removal,field_sorting
0.37084072828292847,field_sorting_duplicate_removal,0.02558867785395408,base_model.model.model.layers.0.self_attn.q_proj,0.07144661992788315,0.07869421690702438,0.9079017639160156,seed42,0.6300447425063775,duplicate_removal,field_sorting
0.1747552454471588,field_sorting_duplicate_removal,0.016409737723214284,base_model.model.model.layers.0.self_attn.v_proj,0.027612637728452682,0.03014618530869484,0.9159579277038574,seed42,0.5614885602678571,duplicate_removal,field_sorting
0.2713574767112732,field_sorting_duplicate_removal,0.01641845703125,base_model.model.model.layers.1.self_attn.k_proj,0.028049983084201813,0.031472545117139816,0.8912524580955505,seed42,0.5937674386160714,duplicate_removal,field_sorting
0.2227952778339386,field_sorting_duplicate_removal,0.02446139588647959,base_model.model.model.layers.1.self_attn.o_proj,0.0772947147488594,0.08191671222448349,0.9435768723487854,seed42,0.5823737942442602,duplicate_removal,field_sorting
0.24177761375904083,field_sorting_duplicate_removal,0.020159040178571428,base_model.model.model.layers.1.self_attn.q_proj,0.07870610803365707,0.08258473128080368,0.9530346393585205,seed42,0.5848949198820153,duplicate_removal,field_sorting
0.2044641226530075,field_sorting_duplicate_removal,0.017578125,base_model.model.model.layers.1.self_attn.v_proj,0.02912064641714096,0.03226696327328682,0.9024910926818848,seed42,0.5683332170758929,duplicate_removal,field_sorting
0.28141772747039795,field_sorting_duplicate_removal,0.019871303013392856,base_model.model.model.layers.10.self_attn.k_proj,0.033328577876091,0.029817163944244385,0.8946425318717957,seed42,0.5896780831473214,duplicate_removal,field_sorting
0.26332131028175354,field_sorting_duplicate_removal,0.020451759805484693,base_model.model.model.layers.10.self_attn.o_proj,0.07880788296461105,0.08299372345209122,0.9495643973350525,seed42,0.5882979412468112,duplicate_removal,field_sorting
0.18237991631031036,field_sorting_duplicate_removal,0.018151108099489797,base_model.model.model.layers.10.self_attn.q_proj,0.08053871244192123,0.08085466921329498,0.9960922598838806,seed42,0.5659354073660714,duplicate_removal,field_sorting
0.3142428696155548,field_sorting_duplicate_removal,0.029375348772321428,base_model.model.model.layers.10.self_attn.v_proj,0.029834695160388947,0.0303311999887228,0.9836305379867554,seed42,0.6011265345982143,duplicate_removal,field_sorting
0.16060799360275269,field_sorting_duplicate_removal,0.016270228794642856,base_model.model.model.layers.11.self_attn.k_proj,0.031043730676174164,0.03105037845671177,0.9997859001159668,seed42,0.5544520786830357,duplicate_removal,field_sorting
0.3086710572242737,field_sorting_duplicate_removal,0.02532958984375,base_model.model.model.layers.11.self_attn.o_proj,0.08157675713300705,0.08787336200475693,0.9283445477485657,seed42,0.6033599230707908,duplicate_removal,field_sorting
0.12319222837686539,field_sorting_duplicate_removal,0.019507583306760203,base_model.model.model.layers.11.self_attn.q_proj,0.07837030291557312,0.07209472358226776,0.9199240207672119,seed42,0.5372650769292092,duplicate_removal,field_sorting
0.4070315957069397,field_sorting_duplicate_removal,0.02880859375,base_model.model.model.layers.11.self_attn.v_proj,0.02972055971622467,0.033339258283376694,0.8914583325386047,seed42,0.6347133091517857,duplicate_removal,field_sorting
0.3614948093891144,field_sorting_duplicate_removal,0.02716064453125,base_model.model.model.layers.12.self_attn.k_proj,0.031164798885583878,0.03255567327141762,0.9572770595550537,seed42,0.6195242745535714,duplicate_removal,field_sorting
0.2668215334415436,field_sorting_duplicate_removal,0.019364337531887755,base_model.model.model.layers.12.self_attn.o_proj,0.07692929357290268,0.08789476752281189,0.8752431273460388,seed42,0.5845424107142857,duplicate_removal,field_sorting
0.23184439539909363,field_sorting_duplicate_removal,0.01881377551020408,base_model.model.model.layers.12.self_attn.q_proj,0.08565320819616318,0.08505663275718689,0.9930350184440613,seed42,0.5843244280133929,duplicate_removal,field_sorting
0.17937396466732025,field_sorting_duplicate_removal,0.016959054129464284,base_model.model.model.layers.12.self_attn.v_proj,0.028994852676987648,0.033302512019872665,0.870650589466095,seed42,0.5635288783482143,duplicate_removal,field_sorting
0.1624605506658554,field_sorting_duplicate_removal,0.016993931361607144,base_model.model.model.layers.13.self_attn.k_proj,0.03421430662274361,0.03233317285776138,0.9450190663337708,seed42,0.5469447544642857,duplicate_removal,field_sorting
0.2457244098186493,field_sorting_duplicate_removal,0.01817477479272959,base_model.model.model.layers.13.self_attn.o_proj,0.07687699794769287,0.09304948151111603,0.8261948227882385,seed42,0.5827051279496174,duplicate_removal,field_sorting
0.07987628132104874,field_sorting_duplicate_removal,0.018922144052933673,base_model.model.model.layers.13.self_attn.q_proj,0.07762142270803452,0.08386001735925674,0.9256070256233215,seed42,0.5297415597098214,duplicate_removal,field_sorting
0.3064973056316376,field_sorting_duplicate_removal,0.024998256138392856,base_model.model.model.layers.13.self_attn.v_proj,0.028309263288974762,0.03187568485736847,0.8881146907806396,seed42,0.5886404854910714,duplicate_removal,field_sorting
0.32294127345085144,field_sorting_duplicate_removal,0.019330705915178572,base_model.model.model.layers.14.self_attn.k_proj,0.03295411542057991,0.03002368099987507,0.9110752940177917,seed42,0.6041085379464286,duplicate_removal,field_sorting
0.2483285516500473,field_sorting_duplicate_removal,0.01913638990752551,base_model.model.model.layers.14.self_attn.o_proj,0.08056339621543884,0.09284614771604538,0.8677085638046265,seed42,0.5762628049266582,duplicate_removal,field_sorting
0.13750725984573364,field_sorting_duplicate_removal,0.016732352120535716,base_model.model.model.layers.14.self_attn.q_proj,0.08400005102157593,0.0843280777335167,0.9961101412773132,seed42,0.54510498046875,duplicate_removal,field_sorting
0.21355301141738892,field_sorting_duplicate_removal,0.018284388950892856,base_model.model.model.layers.14.self_attn.v_proj,0.030162323266267776,0.03230880945920944,0.9335634112358093,seed42,0.5736519949776786,duplicate_removal,field_sorting
0.2576737105846405,field_sorting_duplicate_removal,0.022024972098214284,base_model.model.model.layers.15.self_attn.k_proj,0.032157763838768005,0.03379114717245102,0.9516623616218567,seed42,0.57989501953125,duplicate_removal,field_sorting
0.23159658908843994,field_sorting_duplicate_removal,0.02663624043367347,base_model.model.model.layers.15.self_attn.o_proj,0.08156342059373856,0.09254943579435349,0.8812956809997559,seed42,0.5715792908960459,duplicate_removal,field_sorting
0.10077542811632156,field_sorting_duplicate_removal,0.017544493383290817,base_model.model.model.layers.15.self_attn.q_proj,0.0800759419798851,0.09445418417453766,0.8477754592895508,seed42,0.5321443518813775,duplicate_removal,field_sorting
0.2281501144170761,field_sorting_duplicate_removal,0.025285993303571428,base_model.model.model.layers.15.self_attn.v_proj,0.028401175513863564,0.0336274579167366,0.8445829153060913,seed42,0.5761195591517857,duplicate_removal,field_sorting
0.24815033376216888,field_sorting_duplicate_removal,0.020664760044642856,base_model.model.model.layers.16.self_attn.k_proj,0.029199568554759026,0.03245895728468895,0.8995842933654785,seed42,0.5834612165178571,duplicate_removal,field_sorting
0.1623857617378235,field_sorting_duplicate_removal,0.01447280572385204,base_model.model.model.layers.16.self_attn.o_proj,0.07808250933885574,0.1064714565873146,0.7333656549453735,seed42,0.5507015306122449,duplicate_removal,field_sorting
0.2189946323633194,field_sorting_duplicate_removal,0.017414949378188774,base_model.model.model.layers.16.self_attn.q_proj,0.08077605813741684,0.0850190743803978,0.9500933885574341,seed42,0.5788773517219388,duplicate_removal,field_sorting
0.24547995626926422,field_sorting_duplicate_removal,0.028834751674107144,base_model.model.model.layers.16.self_attn.v_proj,0.03086746670305729,0.0354703851044178,0.8702320456504822,seed42,0.5742449079241071,duplicate_removal,field_sorting
0.20194894075393677,field_sorting_duplicate_removal,0.017534528459821428,base_model.model.model.layers.17.self_attn.k_proj,0.030428607016801834,0.036002278327941895,0.8451855778694153,seed42,0.5606253487723214,duplicate_removal,field_sorting
0.16849806904792786,field_sorting_duplicate_removal,0.017551967075892856,base_model.model.model.layers.17.self_attn.o_proj,0.0759139135479927,0.09779567271471024,0.7762502431869507,seed42,0.5480944575095663,duplicate_removal,field_sorting
0.15798257291316986,field_sorting_duplicate_removal,0.016165597098214284,base_model.model.model.layers.17.self_attn.q_proj,0.0808168277144432,0.09110570698976517,0.8870666027069092,seed42,0.5523457429846939,duplicate_removal,field_sorting
0.24042148888111115,field_sorting_duplicate_removal,0.019888741629464284,base_model.model.model.layers.17.self_attn.v_proj,0.03074261173605919,0.03951835259795189,0.7779325246810913,seed42,0.5778634207589286,duplicate_removal,field_sorting
0.4726995825767517,field_sorting_duplicate_removal,0.03438023158482143,base_model.model.model.layers.18.self_attn.k_proj,0.036081600934267044,0.0427066832780838,0.8448701500892639,seed42,0.6544712611607143,duplicate_removal,field_sorting
0.26000580191612244,field_sorting_duplicate_removal,0.02420853595344388,base_model.model.model.layers.18.self_attn.o_proj,0.08744362741708755,0.09606579691171646,0.910247266292572,seed42,0.5859213069993623,duplicate_removal,field_sorting
0.20446832478046417,field_sorting_duplicate_removal,0.022067323022959183,base_model.model.model.layers.18.self_attn.q_proj,0.08149398118257523,0.10475533455610275,0.777945876121521,seed42,0.5654446348852041,duplicate_removal,field_sorting
0.20087140798568726,field_sorting_duplicate_removal,0.02667236328125,base_model.model.model.layers.18.self_attn.v_proj,0.03106839954853058,0.03459175303578377,0.8981447219848633,seed42,0.5587855747767857,duplicate_removal,field_sorting
0.1896744817495346,field_sorting_duplicate_removal,0.021946498325892856,base_model.model.model.layers.19.self_attn.k_proj,0.025408033281564713,0.03361450880765915,0.7558650970458984,seed42,0.5508248465401786,duplicate_removal,field_sorting
0.2395513504743576,field_sorting_duplicate_removal,0.023375219228316327,base_model.model.model.layers.19.self_attn.o_proj,0.0735546424984932,0.09401469677686691,0.78237384557724,seed42,0.5800681600765306,duplicate_removal,field_sorting
0.2786900997161865,field_sorting_duplicate_removal,0.023572026466836735,base_model.model.model.layers.19.self_attn.q_proj,0.07594668865203857,0.11095597594976425,0.6844758987426758,seed42,0.5784513512436225,duplicate_removal,field_sorting
0.20988322794437408,field_sorting_duplicate_removal,0.018075125558035716,base_model.model.model.layers.19.self_attn.v_proj,0.030368046835064888,0.04186353087425232,0.725405752658844,seed42,0.5609130859375,duplicate_removal,field_sorting
0.3493906855583191,field_sorting_duplicate_removal,0.025224958147321428,base_model.model.model.layers.2.self_attn.k_proj,0.03372092917561531,0.03264433890581131,0.9680735468864441,seed42,0.6208844866071429,duplicate_removal,field_sorting
0.23488742113113403,field_sorting_duplicate_removal,0.01683573820153061,base_model.model.model.layers.2.self_attn.o_proj,0.07886321097612381,0.08134486526250839,0.9694921970367432,seed42,0.5821084781568877,duplicate_removal,field_sorting
0.22075077891349792,field_sorting_duplicate_removal,0.01673359773596939,base_model.model.model.layers.2.self_attn.q_proj,0.08039578050374985,0.07971017807722092,0.9914721846580505,seed42,0.5746335399394132,duplicate_removal,field_sorting
0.21103887259960175,field_sorting_duplicate_removal,0.016435895647321428,base_model.model.model.layers.2.self_attn.v_proj,0.029192574322223663,0.029357578605413437,0.9943795204162598,seed42,0.5766339983258929,duplicate_removal,field_sorting
0.46571728587150574,field_sorting_duplicate_removal,0.03331647600446429,base_model.model.model.layers.20.self_attn.k_proj,0.03411522135138512,0.03527405112981796,0.9671478271484375,seed42,0.6548549107142857,duplicate_removal,field_sorting
0.23209120333194733,field_sorting_duplicate_removal,0.024775290975765307,base_model.model.model.layers.20.self_attn.o_proj,0.07480405271053314,0.0902894139289856,0.8284919261932373,seed42,0.5735585738201531,duplicate_removal,field_sorting
0.09722381085157394,field_sorting_duplicate_removal,0.016912966358418366,base_model.model.model.layers.20.self_attn.q_proj,0.08044833689928055,0.10035684704780579,0.8016228079795837,seed42,0.5370034976881377,duplicate_removal,field_sorting
0.15197399258613586,field_sorting_duplicate_removal,0.015476771763392858,base_model.model.model.layers.20.self_attn.v_proj,0.028234416618943214,0.03450826182961464,0.8181929588317871,seed42,0.5570853097098214,duplicate_removal,field_sorting
0.09689301252365112,field_sorting_duplicate_removal,0.018912179129464284,base_model.model.model.layers.21.self_attn.k_proj,0.025179598480463028,0.031147561967372894,0.808397114276886,seed42,0.5418613978794643,duplicate_removal,field_sorting
0.1981259137392044,field_sorting_duplicate_removal,0.023092464524872448,base_model.model.model.layers.21.self_attn.o_proj,0.06897000223398209,0.08612610399723053,0.8008025288581848,seed42,0.5571500817123725,duplicate_removal,field_sorting
0.05290527269244194,field_sorting_duplicate_removal,0.013939682318239796,base_model.model.model.layers.21.self_attn.q_proj,0.06694295257329941,0.09066303819417953,0.738370954990387,seed42,0.5213473573022959,duplicate_removal,field_sorting
0.31489098072052,field_sorting_duplicate_removal,0.019400460379464284,base_model.model.model.layers.21.self_attn.v_proj,0.0247481781989336,0.03454684838652611,0.7163657546043396,seed42,0.6018851143973214,duplicate_removal,field_sorting
0.09894418716430664,field_sorting_duplicate_removal,0.010654994419642858,base_model.model.model.layers.22.self_attn.k_proj,0.030911505222320557,0.04051734507083893,0.7629203200340271,seed42,0.5374668666294643,duplicate_removal,field_sorting
0.20905937254428864,field_sorting_duplicate_removal,0.019138881138392856,base_model.model.model.layers.22.self_attn.o_proj,0.07332155108451843,0.09712261706590652,0.7549379467964172,seed42,0.5707783601721939,duplicate_removal,field_sorting
0.028673043474555016,field_sorting_duplicate_removal,0.021719796316964284,base_model.model.model.layers.22.self_attn.q_proj,0.08039434254169464,0.0963234081864357,0.8346293568611145,seed42,0.5035524952168368,duplicate_removal,field_sorting
0.31908899545669556,field_sorting_duplicate_removal,0.021641322544642856,base_model.model.model.layers.22.self_attn.v_proj,0.02775168977677822,0.035447701811790466,0.7828910946846008,seed42,0.6002284458705357,duplicate_removal,field_sorting
0.16443006694316864,field_sorting_duplicate_removal,0.013575962611607142,base_model.model.model.layers.23.self_attn.k_proj,0.022553695365786552,0.040361642837524414,0.5587903261184692,seed42,0.5572073800223214,duplicate_removal,field_sorting
0.22260263562202454,field_sorting_duplicate_removal,0.015874123086734693,base_model.model.model.layers.23.self_attn.o_proj,0.0681661069393158,0.09863803535699844,0.6910732388496399,seed42,0.5778036312181123,duplicate_removal,field_sorting
0.050426874309778214,field_sorting_duplicate_removal,0.01385498046875,base_model.model.model.layers.23.self_attn.q_proj,0.06636078655719757,0.10679198801517487,0.6214023232460022,seed42,0.5200980050223214,duplicate_removal,field_sorting
0.4003165066242218,field_sorting_duplicate_removal,0.017769949776785716,base_model.model.model.layers.23.self_attn.v_proj,0.023710576817393303,0.03796122223138809,0.6245999336242676,seed42,0.6526663643973214,duplicate_removal,field_sorting
0.35203203558921814,field_sorting_duplicate_removal,0.0234375,base_model.model.model.layers.3.self_attn.k_proj,0.030238596722483635,0.03204571455717087,0.9436081051826477,seed42,0.63116455078125,duplicate_removal,field_sorting
0.18506279587745667,field_sorting_duplicate_removal,0.018101283482142856,base_model.model.model.layers.3.self_attn.o_proj,0.07877584546804428,0.08175933361053467,0.9635089039802551,seed42,0.5652029854910714,duplicate_removal,field_sorting
0.14933083951473236,field_sorting_duplicate_removal,0.01668501873405612,base_model.model.model.layers.3.self_attn.q_proj,0.078549824655056,0.0805727168917656,0.9748935699462891,seed42,0.5546875,duplicate_removal,field_sorting
0.3410082757472992,field_sorting_duplicate_removal,0.030569893973214284,base_model.model.model.layers.3.self_attn.v_proj,0.03108189068734646,0.029238983988761902,0.9407080411911011,seed42,0.6178414481026786,duplicate_removal,field_sorting
0.1494135707616806,field_sorting_duplicate_removal,0.020551409040178572,base_model.model.model.layers.4.self_attn.k_proj,0.03045830689370632,0.028827013447880745,0.9464417695999146,seed42,0.5574428013392857,duplicate_removal,field_sorting
0.23133757710456848,field_sorting_duplicate_removal,0.02073700573979592,base_model.model.model.layers.4.self_attn.o_proj,0.0759948343038559,0.08307591080665588,0.9147638082504272,seed42,0.5798800721460459,duplicate_removal,field_sorting
0.1575232446193695,field_sorting_duplicate_removal,0.016743562659438774,base_model.model.model.layers.4.self_attn.q_proj,0.07909007370471954,0.0786481574177742,0.9944124817848206,seed42,0.5594171018016582,duplicate_removal,field_sorting
0.30444520711898804,field_sorting_duplicate_removal,0.026053292410714284,base_model.model.model.layers.4.self_attn.v_proj,0.030461523681879044,0.029874315485358238,0.980722963809967,seed42,0.6056692940848214,duplicate_removal,field_sorting
0.2533473074436188,field_sorting_duplicate_removal,0.020638602120535716,base_model.model.model.layers.5.self_attn.k_proj,0.028928140178322792,0.029582103714346886,0.9778932929039001,seed42,0.59466552734375,duplicate_removal,field_sorting
0.16042907536029816,field_sorting_duplicate_removal,0.02071583027742347,base_model.model.model.layers.5.self_attn.o_proj,0.07624243944883347,0.08211351931095123,0.9285004734992981,seed42,0.5581191705197704,duplicate_removal,field_sorting
0.250374972820282,field_sorting_duplicate_removal,0.02042435626594388,base_model.model.model.layers.5.self_attn.q_proj,0.07529210299253464,0.08103235065937042,0.929161012172699,seed42,0.5891474509725765,duplicate_removal,field_sorting
0.21450336277484894,field_sorting_duplicate_removal,0.021109444754464284,base_model.model.model.layers.5.self_attn.v_proj,0.02885175496339798,0.030748387798666954,0.9383176565170288,seed42,0.5749598911830357,duplicate_removal,field_sorting
0.13792765140533447,field_sorting_duplicate_removal,0.018955775669642856,base_model.model.model.layers.6.self_attn.k_proj,0.02639184705913067,0.028229529038071632,0.9349021315574646,seed42,0.5535801478794643,duplicate_removal,field_sorting
0.2005719393491745,field_sorting_duplicate_removal,0.017935616629464284,base_model.model.model.layers.6.self_attn.o_proj,0.07715779542922974,0.078736312687397,0.9799518585205078,seed42,0.5670925841039541,duplicate_removal,field_sorting
0.05628008395433426,field_sorting_duplicate_removal,0.019436583227040817,base_model.model.model.layers.6.self_attn.q_proj,0.07895683497190475,0.08012153208255768,0.9854633808135986,seed42,0.5249397122130102,duplicate_removal,field_sorting
0.15706302225589752,field_sorting_duplicate_removal,0.020132882254464284,base_model.model.model.layers.6.self_attn.v_proj,0.029531879350543022,0.028650732710957527,0.9701628684997559,seed42,0.5566144670758929,duplicate_removal,field_sorting
0.03854888677597046,field_sorting_duplicate_removal,0.018083844866071428,base_model.model.model.layers.7.self_attn.k_proj,0.02954609878361225,0.027817722409963608,0.9415023922920227,seed42,0.51678466796875,duplicate_removal,field_sorting
0.22880281507968903,field_sorting_duplicate_removal,0.016150649713010203,base_model.model.model.layers.7.self_attn.o_proj,0.0776548907160759,0.08166179060935974,0.9509329795837402,seed42,0.5769018056441326,duplicate_removal,field_sorting
0.06095612049102783,field_sorting_duplicate_removal,0.017598054846938774,base_model.model.model.layers.7.self_attn.q_proj,0.07797781378030777,0.07782351225614548,0.9980211853981018,seed42,0.5226888851243623,duplicate_removal,field_sorting
0.21555626392364502,field_sorting_duplicate_removal,0.017447335379464284,base_model.model.model.layers.7.self_attn.v_proj,0.029057126492261887,0.029838070273399353,0.9738272428512573,seed42,0.5792410714285714,duplicate_removal,field_sorting
0.2909763753414154,field_sorting_duplicate_removal,0.027422223772321428,base_model.model.model.layers.8.self_attn.k_proj,0.028307568281888962,0.033783163875341415,0.8379194140434265,seed42,0.5799822126116071,duplicate_removal,field_sorting
0.18497836589813232,field_sorting_duplicate_removal,0.0174137037627551,base_model.model.model.layers.8.self_attn.o_proj,0.07941005378961563,0.08545884490013123,0.9292198419570923,seed42,0.5649551080197704,duplicate_removal,field_sorting
0.21721631288528442,field_sorting_duplicate_removal,0.019417898995535716,base_model.model.model.layers.8.self_attn.q_proj,0.07923799753189087,0.07879941910505295,0.9944650530815125,seed42,0.5789931939572704,duplicate_removal,field_sorting
0.2879153788089752,field_sorting_duplicate_removal,0.020533970424107144,base_model.model.model.layers.8.self_attn.v_proj,0.028746675699949265,0.029218291863799095,0.9838588833808899,seed42,0.60150146484375,duplicate_removal,field_sorting
0.2619306445121765,field_sorting_duplicate_removal,0.018947056361607144,base_model.model.model.layers.9.self_attn.k_proj,0.029060252010822296,0.03163905441761017,0.9184930920600891,seed42,0.5779767717633929,duplicate_removal,field_sorting
0.23207978904247284,field_sorting_duplicate_removal,0.019228565449617346,base_model.model.model.layers.9.self_attn.o_proj,0.08169262111186981,0.08364509791135788,0.9766576290130615,seed42,0.5766016123246174,duplicate_removal,field_sorting
0.24249175190925598,field_sorting_duplicate_removal,0.019848881935586735,base_model.model.model.layers.9.self_attn.q_proj,0.07957372069358826,0.08093425631523132,0.9831896424293518,seed42,0.5777861926020408,duplicate_removal,field_sorting
0.2656618356704712,field_sorting_duplicate_removal,0.023045131138392856,base_model.model.model.layers.9.self_attn.v_proj,0.030354656279087067,0.028377488255500793,0.9348644018173218,seed42,0.5865478515625,duplicate_removal,field_sorting
0.6081178188323975,field_sorting_duplicate_removal,0.037074497767857144,base_model.model.model.layers.0.self_attn.k_proj,0.02495221607387066,0.030491918325424194,0.8183223009109497,seed43,0.7019217354910714,duplicate_removal,field_sorting
0.2802383005619049,field_sorting_duplicate_removal,0.02678446867028061,base_model.model.model.layers.0.self_attn.o_proj,0.07329291105270386,0.08664262294769287,0.8459221124649048,seed43,0.5872889927455357,duplicate_removal,field_sorting
0.21463043987751007,field_sorting_duplicate_removal,0.02353714923469388,base_model.model.model.layers.0.self_attn.q_proj,0.06790049374103546,0.08521630614995956,0.7968016266822815,seed43,0.5765904017857143,duplicate_removal,field_sorting
0.23555466532707214,field_sorting_duplicate_removal,0.022818429129464284,base_model.model.model.layers.0.self_attn.v_proj,0.026971695944666862,0.02938815765082836,0.9177743196487427,seed43,0.5729108537946429,duplicate_removal,field_sorting
0.3021760880947113,field_sorting_duplicate_removal,0.020228794642857144,base_model.model.model.layers.1.self_attn.k_proj,0.028444305062294006,0.031602248549461365,0.9000722169876099,seed43,0.6035592215401786,duplicate_removal,field_sorting
0.2147679626941681,field_sorting_duplicate_removal,0.02605453802614796,base_model.model.model.layers.1.self_attn.o_proj,0.07792217284440994,0.0824320986866951,0.9452891945838928,seed43,0.5783442283163265,duplicate_removal,field_sorting
0.13876906037330627,field_sorting_duplicate_removal,0.016561702806122448,base_model.model.model.layers.1.self_attn.q_proj,0.07692591845989227,0.08354039490222931,0.9208230376243591,seed43,0.5494484414859694,duplicate_removal,field_sorting
0.22434620559215546,field_sorting_duplicate_removal,0.020263671875,base_model.model.model.layers.1.self_attn.v_proj,0.0298911165446043,0.031012125313282013,0.96385258436203,seed43,0.5778372628348214,duplicate_removal,field_sorting
0.3581794202327728,field_sorting_duplicate_removal,0.023585728236607144,base_model.model.model.layers.10.self_attn.k_proj,0.03241991251707077,0.02960185520350933,0.9130763411521912,seed43,0.6148681640625,duplicate_removal,field_sorting
0.2212367206811905,field_sorting_duplicate_removal,0.017083615672831634,base_model.model.model.layers.10.self_attn.o_proj,0.07947943359613419,0.08127926290035248,0.9778562188148499,seed43,0.5706824477838011,duplicate_removal,field_sorting
0.15714436769485474,field_sorting_duplicate_removal,0.017679019850127552,base_model.model.model.layers.10.self_attn.q_proj,0.08002919703722,0.07982100546360016,0.9973985552787781,seed43,0.5551010443239796,duplicate_removal,field_sorting
0.3278343379497528,field_sorting_duplicate_removal,0.025442940848214284,base_model.model.model.layers.10.self_attn.v_proj,0.02989450842142105,0.030119700357317924,0.9925234317779541,seed43,0.6145717075892857,duplicate_removal,field_sorting
0.18622978031635284,field_sorting_duplicate_removal,0.015642438616071428,base_model.model.model.layers.11.self_attn.k_proj,0.02793583832681179,0.029192360118031502,0.9569571614265442,seed43,0.5566580636160714,duplicate_removal,field_sorting
0.2990473508834839,field_sorting_duplicate_removal,0.025654695471938774,base_model.model.model.layers.11.self_attn.o_proj,0.07747028768062592,0.08363355696201324,0.9263062477111816,seed43,0.5983288823341837,duplicate_removal,field_sorting
0.10254588723182678,field_sorting_duplicate_removal,0.016758510044642856,base_model.model.model.layers.11.self_attn.q_proj,0.07185450941324234,0.07678200304508209,0.9358248710632324,seed43,0.5383587272799745,duplicate_removal,field_sorting
0.3848859667778015,field_sorting_duplicate_removal,0.026541573660714284,base_model.model.model.layers.11.self_attn.v_proj,0.03020966611802578,0.03269757702946663,0.923911452293396,seed43,0.6170741489955357,duplicate_removal,field_sorting
0.41253355145454407,field_sorting_duplicate_removal,0.027352469308035716,base_model.model.model.layers.12.self_attn.k_proj,0.032133329659700394,0.033174484968185425,0.9686157703399658,seed43,0.6407470703125,duplicate_removal,field_sorting
0.21917343139648438,field_sorting_duplicate_removal,0.017697704081632654,base_model.model.model.layers.12.self_attn.o_proj,0.07802702486515045,0.08726099133491516,0.8941798806190491,seed43,0.5656688456632653,duplicate_removal,field_sorting
0.19239617884159088,field_sorting_duplicate_removal,0.017777423469387755,base_model.model.model.layers.12.self_attn.q_proj,0.08154168725013733,0.09258484095335007,0.8807239532470703,seed43,0.5691005161830357,duplicate_removal,field_sorting
0.30089205503463745,field_sorting_duplicate_removal,0.028538295200892856,base_model.model.model.layers.12.self_attn.v_proj,0.03033808246254921,0.03278731554746628,0.925299346446991,seed43,0.5966709681919643,duplicate_removal,field_sorting
0.21766753494739532,field_sorting_duplicate_removal,0.01910400390625,base_model.model.model.layers.13.self_attn.k_proj,0.031204618513584137,0.029231011867523193,0.9367527365684509,seed43,0.5784563337053571,duplicate_removal,field_sorting
0.21861085295677185,field_sorting_duplicate_removal,0.01788330078125,base_model.model.model.layers.13.self_attn.o_proj,0.07930424809455872,0.08546876162290573,0.9278740882873535,seed43,0.5646549147002551,duplicate_removal,field_sorting
0.0878390520811081,field_sorting_duplicate_removal,0.019627162388392856,base_model.model.model.layers.13.self_attn.q_proj,0.07727178931236267,0.07634852826595306,0.9880517721176147,seed43,0.5281583824936225,duplicate_removal,field_sorting
0.27185696363449097,field_sorting_duplicate_removal,0.023184640066964284,base_model.model.model.layers.13.self_attn.v_proj,0.027991853654384613,0.03360212594270706,0.8330381512641907,seed43,0.5824933733258929,duplicate_removal,field_sorting
0.13987970352172852,field_sorting_duplicate_removal,0.013401576450892858,base_model.model.model.layers.14.self_attn.k_proj,0.033562202006578445,0.030010191723704338,0.8941663503646851,seed43,0.54315185546875,duplicate_removal,field_sorting
0.339804083108902,field_sorting_duplicate_removal,0.02602962571747449,base_model.model.model.layers.14.self_attn.o_proj,0.0815553218126297,0.08728808909654617,0.9343236088752747,seed43,0.6056032764668368,duplicate_removal,field_sorting
0.07526247948408127,field_sorting_duplicate_removal,0.011799715003188776,base_model.model.model.layers.14.self_attn.q_proj,0.07719618082046509,0.08397455513477325,0.9192805886268616,seed43,0.5279304348692602,duplicate_removal,field_sorting
0.2551126778125763,field_sorting_duplicate_removal,0.019496372767857144,base_model.model.model.layers.14.self_attn.v_proj,0.028655504807829857,0.03129662945866585,0.9156099557876587,seed43,0.5834176199776786,duplicate_removal,field_sorting
0.2536419630050659,field_sorting_duplicate_removal,0.028956821986607144,base_model.model.model.layers.15.self_attn.k_proj,0.03325657173991203,0.03724873811006546,0.892824113368988,seed43,0.574951171875,duplicate_removal,field_sorting
0.25239795446395874,field_sorting_duplicate_removal,0.021281339684311226,base_model.model.model.layers.15.self_attn.o_proj,0.07737008482217789,0.0913967564702034,0.8465299010276794,seed43,0.5792734574298469,duplicate_removal,field_sorting
0.08093974739313126,field_sorting_duplicate_removal,0.017519581074617346,base_model.model.model.layers.15.self_attn.q_proj,0.0741465836763382,0.09624102711677551,0.7704259157180786,seed43,0.5227025868941326,duplicate_removal,field_sorting
0.2539801299571991,field_sorting_duplicate_removal,0.022487095424107144,base_model.model.model.layers.15.self_attn.v_proj,0.0267022792249918,0.033468712121248245,0.7978280782699585,seed43,0.5794677734375,duplicate_removal,field_sorting
0.06258749961853027,field_sorting_duplicate_removal,0.01837158203125,base_model.model.model.layers.16.self_attn.k_proj,0.029467297717928886,0.02983645349740982,0.987627387046814,seed43,0.5260881696428571,duplicate_removal,field_sorting
0.3180445432662964,field_sorting_duplicate_removal,0.02437793965242347,base_model.model.model.layers.16.self_attn.o_proj,0.08419519662857056,0.09148501604795456,0.9203168153762817,seed43,0.6009982362085459,duplicate_removal,field_sorting
0.14587943255901337,field_sorting_duplicate_removal,0.019051688058035716,base_model.model.model.layers.16.self_attn.q_proj,0.07558561861515045,0.08736024051904678,0.8652176260948181,seed43,0.5534045161033163,duplicate_removal,field_sorting
0.17382578551769257,field_sorting_duplicate_removal,0.0255126953125,base_model.model.model.layers.16.self_attn.v_proj,0.028955334797501564,0.030840612947940826,0.9388702511787415,seed43,0.5531093052455357,duplicate_removal,field_sorting
0.28961077332496643,field_sorting_duplicate_removal,0.02471923828125,base_model.model.model.layers.17.self_attn.k_proj,0.030815789476037025,0.036331430077552795,0.8481854200363159,seed43,0.5866960797991071,duplicate_removal,field_sorting
0.2274169772863388,field_sorting_duplicate_removal,0.021758410395408163,base_model.model.model.layers.17.self_attn.o_proj,0.08074236661195755,0.09235874563455582,0.8742254376411438,seed43,0.5683842873086735,duplicate_removal,field_sorting
0.06387101113796234,field_sorting_duplicate_removal,0.011519451530612245,base_model.model.model.layers.17.self_attn.q_proj,0.09233502298593521,0.08820363879203796,0.9552565813064575,seed43,0.5267794862085459,duplicate_removal,field_sorting
0.25862202048301697,field_sorting_duplicate_removal,0.026611328125,base_model.model.model.layers.17.self_attn.v_proj,0.03197437524795532,0.03646233305335045,0.8769152164459229,seed43,0.56256103515625,duplicate_removal,field_sorting
0.5106328725814819,field_sorting_duplicate_removal,0.03675188337053571,base_model.model.model.layers.18.self_attn.k_proj,0.03812168911099434,0.039685700088739395,0.9605900645256042,seed43,0.6715262276785714,duplicate_removal,field_sorting
0.20020198822021484,field_sorting_duplicate_removal,0.018310546875,base_model.model.model.layers.18.self_attn.o_proj,0.08360021561384201,0.09297666698694229,0.8991526365280151,seed43,0.5656900211256377,duplicate_removal,field_sorting
0.19200874865055084,field_sorting_duplicate_removal,0.018376564492984693,base_model.model.model.layers.18.self_attn.q_proj,0.08296970278024673,0.09624610096216202,0.8620578050613403,seed43,0.5637356505102041,duplicate_removal,field_sorting
0.19791379570960999,field_sorting_duplicate_removal,0.023080008370535716,base_model.model.model.layers.18.self_attn.v_proj,0.030658690258860588,0.032661035656929016,0.9386931657791138,seed43,0.5685599190848214,duplicate_removal,field_sorting
0.35096922516822815,field_sorting_duplicate_removal,0.0291748046875,base_model.model.model.layers.19.self_attn.k_proj,0.027660373598337173,0.04044564440846443,0.6838900446891785,seed43,0.58367919921875,duplicate_removal,field_sorting
0.2063789963722229,field_sorting_duplicate_removal,0.015095613440688776,base_model.model.model.layers.19.self_attn.o_proj,0.07789452373981476,0.09303615242242813,0.8372500538825989,seed43,0.5602703483737245,duplicate_removal,field_sorting
0.2366214096546173,field_sorting_duplicate_removal,0.020608707350127552,base_model.model.model.layers.19.self_attn.q_proj,0.07278290390968323,0.09927719831466675,0.7331281304359436,seed43,0.5701044822225765,duplicate_removal,field_sorting
0.32769593596458435,field_sorting_duplicate_removal,0.022975376674107144,base_model.model.model.layers.19.self_attn.v_proj,0.030459769070148468,0.03898318484425545,0.7813566327095032,seed43,0.5942731584821429,duplicate_removal,field_sorting
0.34633904695510864,field_sorting_duplicate_removal,0.020237513950892856,base_model.model.model.layers.2.self_attn.k_proj,0.03062586486339569,0.031849995255470276,0.9615657329559326,seed43,0.6154697963169643,duplicate_removal,field_sorting
0.22527599334716797,field_sorting_duplicate_removal,0.018289371412627552,base_model.model.model.layers.2.self_attn.o_proj,0.07833284139633179,0.08272960036993027,0.9468538761138916,seed43,0.5755204181281888,duplicate_removal,field_sorting
0.24675105512142181,field_sorting_duplicate_removal,0.017439861686862245,base_model.model.model.layers.2.self_attn.q_proj,0.07874061167240143,0.0775078684091568,0.9843442440032959,seed43,0.5839034099968112,duplicate_removal,field_sorting
0.23673821985721588,field_sorting_duplicate_removal,0.026149204799107144,base_model.model.model.layers.2.self_attn.v_proj,0.029135191813111305,0.03221133351325989,0.9045012593269348,seed43,0.5837315150669643,duplicate_removal,field_sorting
0.23612374067306519,field_sorting_duplicate_removal,0.025294712611607144,base_model.model.model.layers.20.self_attn.k_proj,0.030391549691557884,0.038281384855508804,0.79389888048172,seed43,0.5546177455357143,duplicate_removal,field_sorting
0.19461672008037567,field_sorting_duplicate_removal,0.021443269690688774,base_model.model.model.layers.20.self_attn.o_proj,0.07868648320436478,0.08503470569849014,0.9253455400466919,seed43,0.5571276606345663,duplicate_removal,field_sorting
0.11229877918958664,field_sorting_duplicate_removal,0.015060736208545918,base_model.model.model.layers.20.self_attn.q_proj,0.07514996826648712,0.10404036194086075,0.7223155498504639,seed43,0.5385306222098214,duplicate_removal,field_sorting
0.23913685977458954,field_sorting_duplicate_removal,0.02239990234375,base_model.model.model.layers.20.self_attn.v_proj,0.029898470267653465,0.03257342427968979,0.9178792238235474,seed43,0.5806623186383929,duplicate_removal,field_sorting
0.14920341968536377,field_sorting_duplicate_removal,0.016706194196428572,base_model.model.model.layers.21.self_attn.k_proj,0.0248765517026186,0.03192731738090515,0.7791619896888733,seed43,0.5577305385044643,duplicate_removal,field_sorting
0.2347366362810135,field_sorting_duplicate_removal,0.0171695631377551,base_model.model.model.layers.21.self_attn.o_proj,0.06568438559770584,0.084086112678051,0.7811561822891235,seed43,0.5761519451530612,duplicate_removal,field_sorting
0.1675081104040146,field_sorting_duplicate_removal,0.015486736686862245,base_model.model.model.layers.21.self_attn.q_proj,0.06952152401208878,0.08879391103982925,0.7829537391662598,seed43,0.5522971639827806,duplicate_removal,field_sorting
0.2532212436199188,field_sorting_duplicate_removal,0.023106166294642856,base_model.model.model.layers.21.self_attn.v_proj,0.024579372256994247,0.03159360587596893,0.7779856324195862,seed43,0.5717511858258929,duplicate_removal,field_sorting
0.11503215879201889,field_sorting_duplicate_removal,0.0137939453125,base_model.model.model.layers.22.self_attn.k_proj,0.029185375198721886,0.04139400273561478,0.7050628662109375,seed43,0.537109375,duplicate_removal,field_sorting
0.08105167001485825,field_sorting_duplicate_removal,0.014667121731505101,base_model.model.model.layers.22.self_attn.o_proj,0.06831137835979462,0.09676311165094376,0.7059651017189026,seed43,0.5302223672672194,duplicate_removal,field_sorting
0.09739793092012405,field_sorting_duplicate_removal,0.016122000558035716,base_model.model.model.layers.22.self_attn.q_proj,0.08027497678995132,0.09747212380170822,0.82356858253479,seed43,0.5331034757653061,duplicate_removal,field_sorting
0.2977285087108612,field_sorting_duplicate_removal,0.020124162946428572,base_model.model.model.layers.22.self_attn.v_proj,0.027512580156326294,0.03370073810219765,0.8163791298866272,seed43,0.5960954938616071,duplicate_removal,field_sorting
0.3444889485836029,field_sorting_duplicate_removal,0.02203369140625,base_model.model.model.layers.23.self_attn.k_proj,0.022575248032808304,0.04387041553854942,0.5145893096923828,seed43,0.60943603515625,duplicate_removal,field_sorting
0.26756981015205383,field_sorting_duplicate_removal,0.021361059072066327,base_model.model.model.layers.23.self_attn.o_proj,0.07238321751356125,0.10015492886304855,0.7227124571800232,seed43,0.5850879902742347,duplicate_removal,field_sorting
0.18221215903759003,field_sorting_duplicate_removal,0.01702507174744898,base_model.model.model.layers.23.self_attn.q_proj,0.07224951684474945,0.1124025285243988,0.6427748203277588,seed43,0.5633171237244898,duplicate_removal,field_sorting
0.3329962193965912,field_sorting_duplicate_removal,0.018179757254464284,base_model.model.model.layers.23.self_attn.v_proj,0.02434605360031128,0.03386610001325607,0.7188915610313416,seed43,0.6283918108258929,duplicate_removal,field_sorting
0.1813088357448578,field_sorting_duplicate_removal,0.020272391183035716,base_model.model.model.layers.3.self_attn.k_proj,0.029528656974434853,0.02959645912051201,0.9977090954780579,seed43,0.5673043387276786,duplicate_removal,field_sorting
0.22603188455104828,field_sorting_duplicate_removal,0.022771095742984693,base_model.model.model.layers.3.self_attn.o_proj,0.07673493027687073,0.07881760597229004,0.973576009273529,seed43,0.5788810885682398,duplicate_removal,field_sorting
0.1401684284210205,field_sorting_duplicate_removal,0.019825215242346938,base_model.model.model.layers.3.self_attn.q_proj,0.0766000971198082,0.07969144731760025,0.9612085223197937,seed43,0.5454549984056123,duplicate_removal,field_sorting
0.24768100678920746,field_sorting_duplicate_removal,0.026009695870535716,base_model.model.model.layers.3.self_attn.v_proj,0.03015209175646305,0.02947501838207245,0.9775447249412537,seed43,0.5916486467633929,duplicate_removal,field_sorting
0.1409873217344284,field_sorting_duplicate_removal,0.01922607421875,base_model.model.model.layers.4.self_attn.k_proj,0.03014293499290943,0.027687547728419304,0.9185418486595154,seed43,0.5572684151785714,duplicate_removal,field_sorting
0.22685939073562622,field_sorting_duplicate_removal,0.017255510602678572,base_model.model.model.layers.4.self_attn.o_proj,0.0776711255311966,0.08317042887210846,0.9338790774345398,seed43,0.5755141900510204,duplicate_removal,field_sorting
0.1925899237394333,field_sorting_duplicate_removal,0.0171085279815051,base_model.model.model.layers.4.self_attn.q_proj,0.07639504224061966,0.0790790468454361,0.9660592079162598,seed43,0.5693620954241071,duplicate_removal,field_sorting
0.20517073571681976,field_sorting_duplicate_removal,0.022739955357142856,base_model.model.model.layers.4.self_attn.v_proj,0.028450259938836098,0.030520521104335785,0.9321682453155518,seed43,0.5821271623883929,duplicate_removal,field_sorting
0.1945730596780777,field_sorting_duplicate_removal,0.018301827566964284,base_model.model.model.layers.5.self_attn.k_proj,0.02659708261489868,0.02924025058746338,0.9096051454544067,seed43,0.5640694754464286,duplicate_removal,field_sorting
0.19602003693580627,field_sorting_duplicate_removal,0.02034712810905612,base_model.model.model.layers.5.self_attn.o_proj,0.07714707404375076,0.0818604975938797,0.9424212574958801,seed43,0.5694368323501275,duplicate_removal,field_sorting
0.2619800567626953,field_sorting_duplicate_removal,0.01834916095344388,base_model.model.model.layers.5.self_attn.q_proj,0.07144792377948761,0.07965356856584549,0.8969833254814148,seed43,0.5882207130899235,duplicate_removal,field_sorting
0.18920138478279114,field_sorting_duplicate_removal,0.021780831473214284,base_model.model.model.layers.5.self_attn.v_proj,0.02738850563764572,0.030051955953240395,0.9113718271255493,seed43,0.5576520647321429,duplicate_removal,field_sorting
0.17801837623119354,field_sorting_duplicate_removal,0.021894182477678572,base_model.model.model.layers.6.self_attn.k_proj,0.02657681331038475,0.026547811925411224,0.9989087581634521,seed43,0.5675136021205357,duplicate_removal,field_sorting
0.20629116892814636,field_sorting_duplicate_removal,0.021181690449617346,base_model.model.model.layers.6.self_attn.o_proj,0.07792755216360092,0.07933883368968964,0.9822119474411011,seed43,0.5725396603954082,duplicate_removal,field_sorting
0.18086576461791992,field_sorting_duplicate_removal,0.019406688456632654,base_model.model.model.layers.6.self_attn.q_proj,0.07884403318166733,0.0763038843870163,0.9677826166152954,seed43,0.5532587790975765,duplicate_removal,field_sorting
0.1769299954175949,field_sorting_duplicate_removal,0.023489815848214284,base_model.model.model.layers.6.self_attn.v_proj,0.029501181095838547,0.028776591643691063,0.97543865442276,seed43,0.56439208984375,duplicate_removal,field_sorting
-0.044671520590782166,field_sorting_duplicate_removal,0.022426060267857144,base_model.model.model.layers.7.self_attn.k_proj,0.032010696828365326,0.029417609795928,0.9189931154251099,seed43,0.5017002650669643,duplicate_removal,field_sorting
0.21605277061462402,field_sorting_duplicate_removal,0.01680958027742347,base_model.model.model.layers.7.self_attn.o_proj,0.08017851412296295,0.0781584158539772,0.9748049974441528,seed43,0.5700471839126275,duplicate_removal,field_sorting
0.15483061969280243,field_sorting_duplicate_removal,0.02028858418367347,base_model.model.model.layers.7.self_attn.q_proj,0.07525727152824402,0.07889492064714432,0.9538924694061279,seed43,0.5491955815529337,duplicate_removal,field_sorting
0.32264238595962524,field_sorting_duplicate_removal,0.023045131138392856,base_model.model.model.layers.7.self_attn.v_proj,0.029906827956438065,0.029576033353805542,0.9889391660690308,seed43,0.6115635463169643,duplicate_removal,field_sorting
0.2837079167366028,field_sorting_duplicate_removal,0.0194091796875,base_model.model.model.layers.8.self_attn.k_proj,0.028197821229696274,0.031329717487096786,0.9000343084335327,seed43,0.5898611886160714,duplicate_removal,field_sorting
0.19759836792945862,field_sorting_duplicate_removal,0.016270228794642856,base_model.model.model.layers.8.self_attn.o_proj,0.07906080037355423,0.08480525016784668,0.9322630167007446,seed43,0.5665856186224489,duplicate_removal,field_sorting
0.20520128309726715,field_sorting_duplicate_removal,0.0177425462372449,base_model.model.model.layers.8.self_attn.q_proj,0.07800611108541489,0.08031260967254639,0.9712809920310974,seed43,0.5719816246811225,duplicate_removal,field_sorting
0.25437861680984497,field_sorting_duplicate_removal,0.0245361328125,base_model.model.model.layers.8.self_attn.v_proj,0.028733158484101295,0.028905516490340233,0.9940372109413147,seed43,0.5798427036830357,duplicate_removal,field_sorting
0.3578835427761078,field_sorting_duplicate_removal,0.022295270647321428,base_model.model.model.layers.9.self_attn.k_proj,0.029583333060145378,0.031652312725782394,0.9346341490745544,seed43,0.6150948660714286,duplicate_removal,field_sorting
0.28262051939964294,field_sorting_duplicate_removal,0.022086007254464284,base_model.model.model.layers.9.self_attn.o_proj,0.0827963724732399,0.08345424383878708,0.9921169877052307,seed43,0.5926414022640306,duplicate_removal,field_sorting
0.17389996349811554,field_sorting_duplicate_removal,0.01923354791135204,base_model.model.model.layers.9.self_attn.q_proj,0.07942961901426315,0.08120158314704895,0.9781782031059265,seed43,0.5503863899075255,duplicate_removal,field_sorting
0.19778630137443542,field_sorting_duplicate_removal,0.02362060546875,base_model.model.model.layers.9.self_attn.v_proj,0.03046179749071598,0.029851311817765236,0.9799589514732361,seed43,0.5676531110491071,duplicate_removal,field_sorting
0.4725927412509918,field_sorting_duplicate_removal,0.029915945870535716,base_model.model.model.layers.0.self_attn.k_proj,0.024288393557071686,0.027089055627584457,0.8966127634048462,seed44,0.6549595424107143,duplicate_removal,field_sorting
0.2821926772594452,field_sorting_duplicate_removal,0.02173225247130102,base_model.model.model.layers.0.self_attn.o_proj,0.07713528722524643,0.08306258171796799,0.928640604019165,seed44,0.5913995236766582,duplicate_removal,field_sorting
0.2748296558856964,field_sorting_duplicate_removal,0.023928272480867346,base_model.model.model.layers.0.self_attn.q_proj,0.07260159403085709,0.07708277553319931,0.9418653249740601,seed44,0.5886828364158163,duplicate_removal,field_sorting
0.18780989944934845,field_sorting_duplicate_removal,0.02197265625,base_model.model.model.layers.0.self_attn.v_proj,0.027686407789587975,0.031811002641916275,0.8703406453132629,seed44,0.5624564034598214,duplicate_removal,field_sorting
0.15792234241962433,field_sorting_duplicate_removal,0.015520368303571428,base_model.model.model.layers.1.self_attn.k_proj,0.027425657957792282,0.031455956399440765,0.8718748688697815,seed44,0.5518362862723214,duplicate_removal,field_sorting
0.1971576064825058,field_sorting_duplicate_removal,0.020411900111607144,base_model.model.model.layers.1.self_attn.o_proj,0.07762306928634644,0.07907319813966751,0.9816609025001526,seed44,0.5681986906090561,duplicate_removal,field_sorting
0.26901811361312866,field_sorting_duplicate_removal,0.019886250398596938,base_model.model.model.layers.1.self_attn.q_proj,0.07977219671010971,0.08388842642307281,0.9509320855140686,seed44,0.5966996173469388,duplicate_removal,field_sorting
0.16115806996822357,field_sorting_duplicate_removal,0.020159040178571428,base_model.model.model.layers.1.self_attn.v_proj,0.029155444353818893,0.03219880536198616,0.9054821729660034,seed44,0.54986572265625,duplicate_removal,field_sorting
0.2784118950366974,field_sorting_duplicate_removal,0.020952497209821428,base_model.model.model.layers.10.self_attn.k_proj,0.032478395849466324,0.031834546476602554,0.9801760911941528,seed44,0.5834699358258929,duplicate_removal,field_sorting
0.2790604829788208,field_sorting_duplicate_removal,0.02307876275510204,base_model.model.model.layers.10.self_attn.o_proj,0.0802166610956192,0.08284692466259003,0.9682515263557434,seed44,0.5879354671556123,duplicate_removal,field_sorting
0.1276164948940277,field_sorting_duplicate_removal,0.017267966757015307,base_model.model.model.layers.10.self_attn.q_proj,0.0811026394367218,0.08217271417379379,0.986977756023407,seed44,0.5410006776147959,duplicate_removal,field_sorting
0.36750227212905884,field_sorting_duplicate_removal,0.0257568359375,base_model.model.model.layers.10.self_attn.v_proj,0.03011692874133587,0.031184183433651924,0.9657757878303528,seed44,0.6200212751116071,duplicate_removal,field_sorting
0.2219853401184082,field_sorting_duplicate_removal,0.015773228236607144,base_model.model.model.layers.11.self_attn.k_proj,0.02956443652510643,0.028606140986084938,0.9675862193107605,seed44,0.5801740373883929,duplicate_removal,field_sorting
0.2996048331260681,field_sorting_duplicate_removal,0.02151676100127551,base_model.model.model.layers.11.self_attn.o_proj,0.07911086827516556,0.08034420013427734,0.9846494197845459,seed44,0.597709811463648,duplicate_removal,field_sorting
0.17588591575622559,field_sorting_duplicate_removal,0.01863814373405612,base_model.model.model.layers.11.self_attn.q_proj,0.0729319229722023,0.07678667455911636,0.9497992396354675,seed44,0.5584056620695153,duplicate_removal,field_sorting
0.38076573610305786,field_sorting_duplicate_removal,0.029680524553571428,base_model.model.model.layers.11.self_attn.v_proj,0.03125358372926712,0.032517366111278534,0.9611351490020752,seed44,0.6151646205357143,duplicate_removal,field_sorting
0.33489739894866943,field_sorting_duplicate_removal,0.022251674107142856,base_model.model.model.layers.12.self_attn.k_proj,0.03099793940782547,0.03608592227101326,0.8590036630630493,seed44,0.6057041713169643,duplicate_removal,field_sorting
0.30953046679496765,field_sorting_duplicate_removal,0.022063586176658163,base_model.model.model.layers.12.self_attn.o_proj,0.08046351373195648,0.0825861468911171,0.9742979407310486,seed44,0.6007590780452806,duplicate_removal,field_sorting
0.3993394374847412,field_sorting_duplicate_removal,0.0249210279815051,base_model.model.model.layers.12.self_attn.q_proj,0.08221758157014847,0.08704011142253876,0.944594144821167,seed44,0.6359414859693877,duplicate_removal,field_sorting
0.2195703536272049,field_sorting_duplicate_removal,0.020647321428571428,base_model.model.model.layers.12.self_attn.v_proj,0.02917797863483429,0.03368270769715309,0.8662598729133606,seed44,0.56939697265625,duplicate_removal,field_sorting
0.1242656409740448,field_sorting_duplicate_removal,0.014779227120535714,base_model.model.model.layers.13.self_attn.k_proj,0.0316205658018589,0.030211294069886208,0.9554318189620972,seed44,0.5443464006696429,duplicate_removal,field_sorting
0.24533309042453766,field_sorting_duplicate_removal,0.020035724250637755,base_model.model.model.layers.13.self_attn.o_proj,0.0820276141166687,0.09457261115312576,0.8673506379127502,seed44,0.5805377570950255,duplicate_removal,field_sorting
0.09660791605710983,field_sorting_duplicate_removal,0.0161556321747449,base_model.model.model.layers.13.self_attn.q_proj,0.07880832254886627,0.0854697972536087,0.922060489654541,seed44,0.5297178930165817,duplicate_removal,field_sorting
0.3470870554447174,field_sorting_duplicate_removal,0.029261997767857144,base_model.model.model.layers.13.self_attn.v_proj,0.028877845034003258,0.03409624472260475,0.846950888633728,seed44,0.59564208984375,duplicate_removal,field_sorting
0.2786335349082947,field_sorting_duplicate_removal,0.019383021763392856,base_model.model.model.layers.14.self_attn.k_proj,0.03221040964126587,0.028720149770379066,0.8916418552398682,seed44,0.5843331473214286,duplicate_removal,field_sorting
0.2891618609428406,field_sorting_duplicate_removal,0.02086032166772959,base_model.model.model.layers.14.self_attn.o_proj,0.08087232708930969,0.09288733452558517,0.8706496953964233,seed44,0.592216647401148,duplicate_removal,field_sorting
0.18888215720653534,field_sorting_duplicate_removal,0.018331722337372448,base_model.model.model.layers.14.self_attn.q_proj,0.08069701492786407,0.08399641513824463,0.9607197642326355,seed44,0.5614848234215561,duplicate_removal,field_sorting
0.2145848423242569,field_sorting_duplicate_removal,0.018650599888392856,base_model.model.model.layers.14.self_attn.v_proj,0.02977614663541317,0.030645327642560005,0.9716374278068542,seed44,0.5756923130580357,duplicate_removal,field_sorting
0.1471075564622879,field_sorting_duplicate_removal,0.021519252232142856,base_model.model.model.layers.15.self_attn.k_proj,0.03075265884399414,0.03544517979025841,0.8676118850708008,seed44,0.5415213448660714,duplicate_removal,field_sorting
0.3092961013317108,field_sorting_duplicate_removal,0.02675831074617347,base_model.model.model.layers.15.self_attn.o_proj,0.07992184162139893,0.09064431488513947,0.8817082643508911,seed44,0.6021666234853317,duplicate_removal,field_sorting
0.10377944260835648,field_sorting_duplicate_removal,0.017023826132015307,base_model.model.model.layers.15.self_attn.q_proj,0.0812777727842331,0.0959346741437912,0.8472200036048889,seed44,0.5292308573820153,duplicate_removal,field_sorting
0.19639387726783752,field_sorting_duplicate_removal,0.017996651785714284,base_model.model.model.layers.15.self_attn.v_proj,0.02746758796274662,0.03393317013978958,0.8094612956047058,seed44,0.5698765345982143,duplicate_removal,field_sorting
0.1269875168800354,field_sorting_duplicate_removal,0.01666259765625,base_model.model.model.layers.16.self_attn.k_proj,0.02936450019478798,0.029679356142878532,0.9893913865089417,seed44,0.5438232421875,duplicate_removal,field_sorting
0.22435179352760315,field_sorting_duplicate_removal,0.0174373704559949,base_model.model.model.layers.16.self_attn.o_proj,0.08247977495193481,0.09789734333753586,0.8425129055976868,seed44,0.570075833067602,duplicate_removal,field_sorting
0.15270103514194489,field_sorting_duplicate_removal,0.01996846101721939,base_model.model.model.layers.16.self_attn.q_proj,0.08097637444734573,0.08213373273611069,0.9859088659286499,seed44,0.5466071926817602,duplicate_removal,field_sorting
0.21128715574741364,field_sorting_duplicate_removal,0.024265834263392856,base_model.model.model.layers.16.self_attn.v_proj,0.030327314510941505,0.03283333033323288,0.9236746430397034,seed44,0.5723092215401786,duplicate_removal,field_sorting
0.23509159684181213,field_sorting_duplicate_removal,0.020673479352678572,base_model.model.model.layers.17.self_attn.k_proj,0.03159759193658829,0.0365377701818943,0.8647925853729248,seed44,0.5759451729910714,duplicate_removal,field_sorting
0.2982006072998047,field_sorting_duplicate_removal,0.027133240991709183,base_model.model.model.layers.17.self_attn.o_proj,0.081522136926651,0.09219434857368469,0.8842422366142273,seed44,0.5896481883769132,duplicate_removal,field_sorting
0.2087469846010208,field_sorting_duplicate_removal,0.021900410554846938,base_model.model.model.layers.17.self_attn.q_proj,0.078217513859272,0.08497510105371475,0.9204756617546082,seed44,0.5700932716836735,duplicate_removal,field_sorting
0.3445148169994354,field_sorting_duplicate_removal,0.03460693359375,base_model.model.model.layers.17.self_attn.v_proj,0.0319676399230957,0.03505539521574974,0.9119178056716919,seed44,0.5936715262276786,duplicate_removal,field_sorting
0.3721737861633301,field_sorting_duplicate_removal,0.023646763392857144,base_model.model.model.layers.18.self_attn.k_proj,0.03703564405441284,0.0437953881919384,0.8456516861915588,seed44,0.6164725167410714,duplicate_removal,field_sorting
0.3570000231266022,field_sorting_duplicate_removal,0.03368642378826531,base_model.model.model.layers.18.self_attn.o_proj,0.08647178113460541,0.09520884603261948,0.9082326292991638,seed44,0.6148270587531888,duplicate_removal,field_sorting
0.2451043576002121,field_sorting_duplicate_removal,0.02579295878507653,base_model.model.model.layers.18.self_attn.q_proj,0.084407277405262,0.10778521001338959,0.7831063270568848,seed44,0.5879005899234694,duplicate_removal,field_sorting
0.2881326675415039,field_sorting_duplicate_removal,0.02752685546875,base_model.model.model.layers.18.self_attn.v_proj,0.031484466046094894,0.032870423048734665,0.9578357338905334,seed44,0.5841151646205357,duplicate_removal,field_sorting
0.19775523245334625,field_sorting_duplicate_removal,0.016819545200892856,base_model.model.model.layers.19.self_attn.k_proj,0.028467221185564995,0.04342978820204735,0.6554768681526184,seed44,0.557373046875,duplicate_removal,field_sorting
0.26813408732414246,field_sorting_duplicate_removal,0.01902054767219388,base_model.model.model.layers.19.self_attn.o_proj,0.08048347383737564,0.0904395803809166,0.8899142742156982,seed44,0.5895734514508929,duplicate_removal,field_sorting
0.23760654032230377,field_sorting_duplicate_removal,0.01873031927614796,base_model.model.model.layers.19.self_attn.q_proj,0.08034924417734146,0.10338018834590912,0.7772209048271179,seed44,0.5676780233577806,duplicate_removal,field_sorting
0.2053435891866684,field_sorting_duplicate_removal,0.019923618861607144,base_model.model.model.layers.19.self_attn.v_proj,0.03063184581696987,0.0432278998196125,0.708612859249115,seed44,0.5677054268973214,duplicate_removal,field_sorting
0.18281033635139465,field_sorting_duplicate_removal,0.018545968191964284,base_model.model.model.layers.2.self_attn.k_proj,0.03163877874612808,0.02803557552397251,0.8861143589019775,seed44,0.5564226422991071,duplicate_removal,field_sorting
0.19534409046173096,field_sorting_duplicate_removal,0.017271703603316327,base_model.model.model.layers.2.self_attn.o_proj,0.07685698568820953,0.08077441900968552,0.9515015482902527,seed44,0.5649202307876275,duplicate_removal,field_sorting
0.25128495693206787,field_sorting_duplicate_removal,0.020897690130739797,base_model.model.model.layers.2.self_attn.q_proj,0.07981591671705246,0.0827387198805809,0.9646742939949036,seed44,0.5887164680325255,duplicate_removal,field_sorting
0.23385830223560333,field_sorting_duplicate_removal,0.025704520089285716,base_model.model.model.layers.2.self_attn.v_proj,0.02866748534142971,0.03155326843261719,0.9085425138473511,seed44,0.5877685546875,duplicate_removal,field_sorting
0.4129073917865753,field_sorting_duplicate_removal,0.031145368303571428,base_model.model.model.layers.20.self_attn.k_proj,0.03226374462246895,0.04196308180689812,0.7688602209091187,seed44,0.6151471819196429,duplicate_removal,field_sorting
0.2503969967365265,field_sorting_duplicate_removal,0.019686951929209183,base_model.model.model.layers.20.self_attn.o_proj,0.07873198390007019,0.08387105166912079,0.938726544380188,seed44,0.5836493044483418,duplicate_removal,field_sorting
0.1352967470884323,field_sorting_duplicate_removal,0.017213159677933673,base_model.model.model.layers.20.self_attn.q_proj,0.07896017283201218,0.09968902170658112,0.792064905166626,seed44,0.5476099131058674,duplicate_removal,field_sorting
0.17281298339366913,field_sorting_duplicate_removal,0.020682198660714284,base_model.model.model.layers.20.self_attn.v_proj,0.028456099331378937,0.03462310507893562,0.8218817710876465,seed44,0.5496041434151786,duplicate_removal,field_sorting
0.22319623827934265,field_sorting_duplicate_removal,0.015616280691964286,base_model.model.model.layers.21.self_attn.k_proj,0.024658188223838806,0.03618600219488144,0.6814289093017578,seed44,0.5810546875,duplicate_removal,field_sorting
0.29344406723976135,field_sorting_duplicate_removal,0.0270809251434949,base_model.model.model.layers.21.self_attn.o_proj,0.07358896732330322,0.09078802168369293,0.8105581402778625,seed44,0.5922091737085459,duplicate_removal,field_sorting
0.1588539034128189,field_sorting_duplicate_removal,0.016320053411989797,base_model.model.model.layers.21.self_attn.q_proj,0.0679357722401619,0.09584785997867584,0.7087875604629517,seed44,0.5480533522002551,duplicate_removal,field_sorting
0.31257280707359314,field_sorting_duplicate_removal,0.019182477678571428,base_model.model.model.layers.21.self_attn.v_proj,0.02403384819626808,0.03480860963463783,0.6904569864273071,seed44,0.6049281529017857,duplicate_removal,field_sorting
0.27334079146385193,field_sorting_duplicate_removal,0.015032087053571428,base_model.model.model.layers.22.self_attn.k_proj,0.030067136511206627,0.04073924198746681,0.7380386590957642,seed44,0.5836094447544643,duplicate_removal,field_sorting
0.17190200090408325,field_sorting_duplicate_removal,0.01981400470344388,base_model.model.model.layers.22.self_attn.o_proj,0.07657632976770401,0.09384787827730179,0.8159623146057129,seed44,0.5578625737404337,duplicate_removal,field_sorting
0.2019054889678955,field_sorting_duplicate_removal,0.019030512595663265,base_model.model.model.layers.22.self_attn.q_proj,0.07596762478351593,0.0952216163277626,0.7977980971336365,seed44,0.5651805644132653,duplicate_removal,field_sorting
0.30961015820503235,field_sorting_duplicate_removal,0.019906180245535716,base_model.model.model.layers.22.self_attn.v_proj,0.028075527399778366,0.03526127338409424,0.79621422290802,seed44,0.6070295061383929,duplicate_removal,field_sorting
0.328510046005249,field_sorting_duplicate_removal,0.018624441964285716,base_model.model.model.layers.23.self_attn.k_proj,0.02657078579068184,0.045841872692108154,0.5796182155609131,seed44,0.6097063337053571,duplicate_removal,field_sorting
0.19687241315841675,field_sorting_duplicate_removal,0.016840720663265307,base_model.model.model.layers.23.self_attn.o_proj,0.066143698990345,0.08744458854198456,0.7564070224761963,seed44,0.5615321568080357,duplicate_removal,field_sorting
0.1773921102285385,field_sorting_duplicate_removal,0.02011668925382653,base_model.model.model.layers.23.self_attn.q_proj,0.07449162006378174,0.1082112044095993,0.6883910298347473,seed44,0.553764498963648,duplicate_removal,field_sorting
0.321516752243042,field_sorting_duplicate_removal,0.014081682477678572,base_model.model.model.layers.23.self_attn.v_proj,0.02335061877965927,0.03722706437110901,0.6272484660148621,seed44,0.6348876953125,duplicate_removal,field_sorting
0.02776895835995674,field_sorting_duplicate_removal,0.019243512834821428,base_model.model.model.layers.3.self_attn.k_proj,0.03274944797158241,0.03041244111955166,0.928639829158783,seed44,0.5209001813616071,duplicate_removal,field_sorting
0.21363651752471924,field_sorting_duplicate_removal,0.02316097337372449,base_model.model.model.layers.3.self_attn.o_proj,0.0810123160481453,0.08585677295923233,0.9435751438140869,seed44,0.5764670858577806,duplicate_removal,field_sorting
0.24114204943180084,field_sorting_duplicate_removal,0.018950793207908163,base_model.model.model.layers.3.self_attn.q_proj,0.07844693213701248,0.08266779035329819,0.9489419460296631,seed44,0.5780029296875,duplicate_removal,field_sorting
0.2919706106185913,field_sorting_duplicate_removal,0.028590611049107144,base_model.model.model.layers.3.self_attn.v_proj,0.03080403432250023,0.029353521764278412,0.9529116153717041,seed44,0.5992867606026786,duplicate_removal,field_sorting
0.18418297171592712,field_sorting_duplicate_removal,0.017621721540178572,base_model.model.model.layers.4.self_attn.k_proj,0.03270537778735161,0.02984134666621685,0.9124293327331543,seed44,0.5680803571428571,duplicate_removal,field_sorting
0.23747721314430237,field_sorting_duplicate_removal,0.01816605548469388,base_model.model.model.layers.4.self_attn.o_proj,0.07706955075263977,0.0836743488907814,0.9210654497146606,seed44,0.5802101602359694,duplicate_removal,field_sorting
0.1300913393497467,field_sorting_duplicate_removal,0.02474165935905612,base_model.model.model.layers.4.self_attn.q_proj,0.07876161485910416,0.08237016201019287,0.9561910629272461,seed44,0.5538653938137755,duplicate_removal,field_sorting
0.20612217485904694,field_sorting_duplicate_removal,0.028468540736607144,base_model.model.model.layers.4.self_attn.v_proj,0.028960825875401497,0.02950216270983219,0.9816509485244751,seed44,0.5846644810267857,duplicate_removal,field_sorting
0.23575083911418915,field_sorting_duplicate_removal,0.020063127790178572,base_model.model.model.layers.5.self_attn.k_proj,0.029814817011356354,0.02983996830880642,0.9991571307182312,seed44,0.5808192661830357,duplicate_removal,field_sorting
0.1298888623714447,field_sorting_duplicate_removal,0.020844128667091837,base_model.model.model.layers.5.self_attn.o_proj,0.07854488492012024,0.08191230893135071,0.958889901638031,seed44,0.5471440529336735,duplicate_removal,field_sorting
0.22243760526180267,field_sorting_duplicate_removal,0.023381447305484693,base_model.model.model.layers.5.self_attn.q_proj,0.07091447710990906,0.07856867462396622,0.9025795459747314,seed44,0.5751367685746174,duplicate_removal,field_sorting
0.16681432723999023,field_sorting_duplicate_removal,0.020595005580357144,base_model.model.model.layers.5.self_attn.v_proj,0.028532415628433228,0.02981637604534626,0.9569377303123474,seed44,0.5615234375,duplicate_removal,field_sorting
0.07358725368976593,field_sorting_duplicate_removal,0.017482212611607144,base_model.model.model.layers.6.self_attn.k_proj,0.02673647180199623,0.029745254665613174,0.898848295211792,seed44,0.52783203125,duplicate_removal,field_sorting
0.18314313888549805,field_sorting_duplicate_removal,0.0182071607940051,base_model.model.model.layers.6.self_attn.o_proj,0.07765574008226395,0.07875753939151764,0.9860102534294128,seed44,0.5616604551977041,duplicate_removal,field_sorting
0.05620230361819267,field_sorting_duplicate_removal,0.015465561224489796,base_model.model.model.layers.6.self_attn.q_proj,0.07501557469367981,0.08466451615095139,0.8860332369804382,seed44,0.5248238699776786,duplicate_removal,field_sorting
0.23835426568984985,field_sorting_duplicate_removal,0.023202078683035716,base_model.model.model.layers.6.self_attn.v_proj,0.029485754668712616,0.029382435604929924,0.9964959621429443,seed44,0.58447265625,duplicate_removal,field_sorting
-0.04777708649635315,field_sorting_duplicate_removal,0.022556849888392856,base_model.model.model.layers.7.self_attn.k_proj,0.03021731786429882,0.030258428305387497,0.9986413717269897,seed44,0.50164794921875,duplicate_removal,field_sorting
0.21744169294834137,field_sorting_duplicate_removal,0.0159912109375,base_model.model.model.layers.7.self_attn.o_proj,0.08007702976465225,0.0824924111366272,0.9707199335098267,seed44,0.5725284498565051,duplicate_removal,field_sorting
0.06200207769870758,field_sorting_duplicate_removal,0.01818100286989796,base_model.model.model.layers.7.self_attn.q_proj,0.07687407732009888,0.08206892013549805,0.9367014765739441,seed44,0.5236492546237245,duplicate_removal,field_sorting
0.26708632707595825,field_sorting_duplicate_removal,0.02374267578125,base_model.model.model.layers.7.self_attn.v_proj,0.02943909727036953,0.03122636117041111,0.9427642822265625,seed44,0.5892682756696429,duplicate_removal,field_sorting
0.28248655796051025,field_sorting_duplicate_removal,0.01910400390625,base_model.model.model.layers.8.self_attn.k_proj,0.028894862160086632,0.03210879862308502,0.8999047875404358,seed44,0.59539794921875,duplicate_removal,field_sorting
0.2034916877746582,field_sorting_duplicate_removal,0.01901431959502551,base_model.model.model.layers.8.self_attn.o_proj,0.07934895157814026,0.08272775262594223,0.9591575860977173,seed44,0.5624501753826531,duplicate_removal,field_sorting
0.16764827072620392,field_sorting_duplicate_removal,0.02118293606505102,base_model.model.model.layers.8.self_attn.q_proj,0.07783298194408417,0.08451364189386368,0.9209517240524292,seed44,0.5645390724649235,duplicate_removal,field_sorting
0.28514692187309265,field_sorting_duplicate_removal,0.023001534598214284,base_model.model.model.layers.8.self_attn.v_proj,0.028567273169755936,0.028284180909395218,0.9900903105735779,seed44,0.5982317243303571,duplicate_removal,field_sorting
0.2234296202659607,field_sorting_duplicate_removal,0.017124720982142856,base_model.model.model.layers.9.self_attn.k_proj,0.029184451326727867,0.03100624494254589,0.9412443041801453,seed44,0.5690830775669643,duplicate_removal,field_sorting
0.2241739183664322,field_sorting_duplicate_removal,0.01878512635522959,base_model.model.model.layers.9.self_attn.o_proj,0.08051316440105438,0.08079179376363754,0.9965512752532959,seed44,0.5757844886001275,duplicate_removal,field_sorting
0.1815158724784851,field_sorting_duplicate_removal,0.017853406010841837,base_model.model.model.layers.9.self_attn.q_proj,0.07811705023050308,0.08189622312784195,0.9538541436195374,seed44,0.5520405672034439,duplicate_removal,field_sorting
0.24900077283382416,field_sorting_duplicate_removal,0.021292550223214284,base_model.model.model.layers.9.self_attn.v_proj,0.030618447810411453,0.031923774629831314,0.9591111540794373,seed44,0.5782034737723214,duplicate_removal,field_sorting
0.18928664922714233,field_sorting_value_normalization,0.015119280133928572,base_model.model.model.layers.0.self_attn.k_proj,0.027977997437119484,0.03054373897612095,0.9159978032112122,seed42,0.56610107421875,field_sorting,value_normalization
0.4101977050304413,field_sorting_value_normalization,0.027505680006377552,base_model.model.model.layers.0.self_attn.o_proj,0.08238508552312851,0.08800838887691498,0.9361048936843872,seed42,0.6362254862882653,field_sorting,value_normalization
0.4023378789424896,field_sorting_value_normalization,0.026476801658163265,base_model.model.model.layers.0.self_attn.q_proj,0.07869421690702438,0.08855058997869492,0.8886922001838684,seed42,0.6402189293686225,field_sorting,value_normalization
0.3244915306568146,field_sorting_value_normalization,0.024614606584821428,base_model.model.model.layers.0.self_attn.v_proj,0.03014618530869484,0.032648127526044846,0.9233664274215698,seed42,0.6026698521205357,field_sorting,value_normalization
0.4556291401386261,field_sorting_value_normalization,0.024945940290178572,base_model.model.model.layers.1.self_attn.k_proj,0.031472545117139816,0.03530002385377884,0.891572892665863,seed42,0.6512015206473214,field_sorting,value_normalization
0.38005852699279785,field_sorting_value_normalization,0.029266980229591837,base_model.model.model.layers.1.self_attn.o_proj,0.08191671222448349,0.08964233100414276,0.913817286491394,seed42,0.6298392159598214,field_sorting,value_normalization
0.3672720789909363,field_sorting_value_normalization,0.02292679767219388,base_model.model.model.layers.1.self_attn.q_proj,0.08258473128080368,0.0912632942199707,0.9049063324928284,seed42,0.6278948102678571,field_sorting,value_normalization
0.29743480682373047,field_sorting_value_normalization,0.020246233258928572,base_model.model.model.layers.1.self_attn.v_proj,0.03226696327328682,0.03420189768075943,0.9434261322021484,seed42,0.6008387974330357,field_sorting,value_normalization
0.4650779962539673,field_sorting_value_normalization,0.02923583984375,base_model.model.model.layers.10.self_attn.k_proj,0.029817163944244385,0.03297794982790947,0.9041545391082764,seed42,0.6628766741071429,field_sorting,value_normalization
0.4454628825187683,field_sorting_value_normalization,0.027853206712372448,base_model.model.model.layers.10.self_attn.o_proj,0.08299372345209122,0.08895952999591827,0.9329379796981812,seed42,0.6439607581313775,field_sorting,value_normalization
0.37058085203170776,field_sorting_value_normalization,0.023955676020408163,base_model.model.model.layers.10.self_attn.q_proj,0.08085466921329498,0.08736423403024673,0.9254893660545349,seed42,0.6252167370854592,field_sorting,value_normalization
0.4408593773841858,field_sorting_value_normalization,0.027579171316964284,base_model.model.model.layers.10.self_attn.v_proj,0.0303311999887228,0.03243602067232132,0.9351085424423218,seed42,0.6468593052455357,field_sorting,value_normalization
0.37114596366882324,field_sorting_value_normalization,0.0257568359375,base_model.model.model.layers.11.self_attn.k_proj,0.03105037845671177,0.0297235194593668,0.9572675228118896,seed42,0.6202654157366071,field_sorting,value_normalization
0.43595340847969055,field_sorting_value_normalization,0.02961699816645408,base_model.model.model.layers.11.self_attn.o_proj,0.08787336200475693,0.09143577516078949,0.9610391855239868,seed42,0.6501888352997449,field_sorting,value_normalization
0.25723516941070557,field_sorting_value_normalization,0.021484375,base_model.model.model.layers.11.self_attn.q_proj,0.07209472358226776,0.07651466131210327,0.9422340989112854,seed42,0.5915103834502551,field_sorting,value_normalization
0.45171335339546204,field_sorting_value_normalization,0.03349958147321429,base_model.model.model.layers.11.self_attn.v_proj,0.033339258283376694,0.03376471623778343,0.9873993396759033,seed42,0.6479404994419643,field_sorting,value_normalization
0.49949416518211365,field_sorting_value_normalization,0.03391810825892857,base_model.model.model.layers.12.self_attn.k_proj,0.03255567327141762,0.03394385799765587,0.959103524684906,seed42,0.6724591936383929,field_sorting,value_normalization
0.42297130823135376,field_sorting_value_normalization,0.02768504862882653,base_model.model.model.layers.12.self_attn.o_proj,0.08789476752281189,0.09231948852539062,0.9520716667175293,seed42,0.6400981046715561,field_sorting,value_normalization
0.2862689197063446,field_sorting_value_normalization,0.02004444355867347,base_model.model.model.layers.12.self_attn.q_proj,0.08505663275718689,0.08921242505311966,0.9534168839454651,seed42,0.5927236128826531,field_sorting,value_normalization
0.4192408323287964,field_sorting_value_normalization,0.025059291294642856,base_model.model.model.layers.12.self_attn.v_proj,0.033302512019872665,0.03394051268696785,0.9812023639678955,seed42,0.6501813616071429,field_sorting,value_normalization
0.24389073252677917,field_sorting_value_normalization,0.02081298828125,base_model.model.model.layers.13.self_attn.k_proj,0.03233317285776138,0.03149396926164627,0.9740450978279114,seed42,0.5829729352678571,field_sorting,value_normalization
0.44576993584632874,field_sorting_value_normalization,0.031017069913903062,base_model.model.model.layers.13.self_attn.o_proj,0.09304948151111603,0.09330005943775177,0.9973142743110657,seed42,0.6460994798309949,field_sorting,value_normalization
0.28613802790641785,field_sorting_value_normalization,0.019369319993622448,base_model.model.model.layers.13.self_attn.q_proj,0.08386001735925674,0.08316296339035034,0.9916878938674927,seed42,0.5970446528220663,field_sorting,value_normalization
0.35326704382896423,field_sorting_value_normalization,0.03199114118303571,base_model.model.model.layers.13.self_attn.v_proj,0.03187568485736847,0.03495771437883377,0.9118354916572571,seed42,0.5986153738839286,field_sorting,value_normalization
0.5138192176818848,field_sorting_value_normalization,0.029541015625,base_model.model.model.layers.14.self_attn.k_proj,0.03002368099987507,0.03315316140651703,0.9056053757667542,seed42,0.6687360491071429,field_sorting,value_normalization
0.42961445450782776,field_sorting_value_normalization,0.02585648517219388,base_model.model.model.layers.14.self_attn.o_proj,0.09284614771604538,0.09756577759981155,0.951626181602478,seed42,0.6437228455835459,field_sorting,value_normalization
0.3619554042816162,field_sorting_value_normalization,0.026785714285714284,base_model.model.model.layers.14.self_attn.q_proj,0.0843280777335167,0.0840439721941948,0.9966309666633606,seed42,0.6136474609375,field_sorting,value_normalization
0.3871246576309204,field_sorting_value_normalization,0.023411342075892856,base_model.model.model.layers.14.self_attn.v_proj,0.03230880945920944,0.03467521443963051,0.9317551255226135,seed42,0.6309291294642857,field_sorting,value_normalization
0.45433083176612854,field_sorting_value_normalization,0.02886962890625,base_model.model.model.layers.15.self_attn.k_proj,0.03379114717245102,0.03514149785041809,0.9615738987922668,seed42,0.65460205078125,field_sorting,value_normalization
0.5047429203987122,field_sorting_value_normalization,0.03699477838010204,base_model.model.model.layers.15.self_attn.o_proj,0.09254943579435349,0.10119917243719101,0.9145275950431824,seed42,0.6677071707589286,field_sorting,value_normalization
0.12038286030292511,field_sorting_value_normalization,0.015687280771683673,base_model.model.model.layers.15.self_attn.q_proj,0.09445418417453766,0.09967296570539474,0.9476409554481506,seed42,0.54388427734375,field_sorting,value_normalization
0.38610774278640747,field_sorting_value_normalization,0.027090890066964284,base_model.model.model.layers.15.self_attn.v_proj,0.0336274579167366,0.03629504516720772,0.9265027046203613,seed42,0.6294294084821429,field_sorting,value_normalization
0.3597816526889801,field_sorting_value_normalization,0.021554129464285716,base_model.model.model.layers.16.self_attn.k_proj,0.03245895728468895,0.03138049691915512,0.9667746424674988,seed42,0.6338413783482143,field_sorting,value_normalization
0.4272010624408722,field_sorting_value_normalization,0.023489815848214284,base_model.model.model.layers.16.self_attn.o_proj,0.1064714565873146,0.09622973203659058,0.9038078188896179,seed42,0.6490839744100765,field_sorting,value_normalization
0.29018503427505493,field_sorting_value_normalization,0.023214534837372448,base_model.model.model.layers.16.self_attn.q_proj,0.0850190743803978,0.08894670754671097,0.9558428525924683,seed42,0.5987760582748725,field_sorting,value_normalization
0.5185396671295166,field_sorting_value_normalization,0.03777204241071429,base_model.model.model.layers.16.self_attn.v_proj,0.0354703851044178,0.038336414843797684,0.9252400398254395,seed42,0.6706717354910714,field_sorting,value_normalization
0.5844306945800781,field_sorting_value_normalization,0.035487583705357144,base_model.model.model.layers.17.self_attn.k_proj,0.036002278327941895,0.03786982595920563,0.9506850838661194,seed42,0.7012677873883929,field_sorting,value_normalization
0.5313730239868164,field_sorting_value_normalization,0.03495819714604592,base_model.model.model.layers.17.self_attn.o_proj,0.09779567271471024,0.09878173470497131,0.9900177717208862,seed42,0.680244290098852,field_sorting,value_normalization
0.33907052874565125,field_sorting_value_normalization,0.022931780133928572,base_model.model.model.layers.17.self_attn.q_proj,0.09110570698976517,0.09458229690790176,0.9632427096366882,seed42,0.6172983597735969,field_sorting,value_normalization
0.5965816378593445,field_sorting_value_normalization,0.03564453125,base_model.model.model.layers.17.self_attn.v_proj,0.03951835259795189,0.03949897363781929,0.9995096325874329,seed42,0.7092110770089286,field_sorting,value_normalization
0.5206456184387207,field_sorting_value_normalization,0.03223528180803571,base_model.model.model.layers.18.self_attn.k_proj,0.0427066832780838,0.04094446823000908,0.958736777305603,seed42,0.6774030412946429,field_sorting,value_normalization
0.3684080243110657,field_sorting_value_normalization,0.0257144850127551,base_model.model.model.layers.18.self_attn.o_proj,0.09606579691171646,0.09845168143510818,0.9757659435272217,seed42,0.6150599888392857,field_sorting,value_normalization
0.24575363099575043,field_sorting_value_normalization,0.02022505779655612,base_model.model.model.layers.18.self_attn.q_proj,0.10475533455610275,0.10358687490224838,0.9888458251953125,seed42,0.5815703722895408,field_sorting,value_normalization
0.4605986475944519,field_sorting_value_normalization,0.031145368303571428,base_model.model.model.layers.18.self_attn.v_proj,0.03459175303578377,0.037712372839450836,0.9172521233558655,seed42,0.6619437081473214,field_sorting,value_normalization
0.2543962299823761,field_sorting_value_normalization,0.020420619419642856,base_model.model.model.layers.19.self_attn.k_proj,0.03361450880765915,0.03837479650974274,0.8759527802467346,seed42,0.5775059291294643,field_sorting,value_normalization
0.39814287424087524,field_sorting_value_normalization,0.02322574537627551,base_model.model.model.layers.19.self_attn.o_proj,0.09401469677686691,0.10348302125930786,0.9085035920143127,seed42,0.6360984335140306,field_sorting,value_normalization
0.3284327983856201,field_sorting_value_normalization,0.026669872050382654,base_model.model.model.layers.19.self_attn.q_proj,0.11095597594976425,0.10610061138868332,0.9562405943870544,seed42,0.5998086734693877,field_sorting,value_normalization
0.4704304039478302,field_sorting_value_normalization,0.03174700055803571,base_model.model.model.layers.19.self_attn.v_proj,0.04186353087425232,0.04130738228559494,0.9867151975631714,seed42,0.6573835100446429,field_sorting,value_normalization
0.5294588208198547,field_sorting_value_normalization,0.033473423549107144,base_model.model.model.layers.2.self_attn.k_proj,0.03264433890581131,0.032745420932769775,0.9969130754470825,seed42,0.67724609375,field_sorting,value_normalization
0.4198204576969147,field_sorting_value_normalization,0.02318962252869898,base_model.model.model.layers.2.self_attn.o_proj,0.08134486526250839,0.0874999538064003,0.9296560883522034,seed42,0.6435335120376275,field_sorting,value_normalization
0.34525537490844727,field_sorting_value_normalization,0.020406917649872448,base_model.model.model.layers.2.self_attn.q_proj,0.07971017807722092,0.08321043848991394,0.9579348564147949,seed42,0.6170106226084183,field_sorting,value_normalization
0.4812623858451843,field_sorting_value_normalization,0.028590611049107144,base_model.model.model.layers.2.self_attn.v_proj,0.029357578605413437,0.03304870426654816,0.8883125185966492,seed42,0.6658238002232143,field_sorting,value_normalization
0.5637316107749939,field_sorting_value_normalization,0.03411865234375,base_model.model.model.layers.20.self_attn.k_proj,0.03527405112981796,0.03818516060709953,0.9237633347511292,seed42,0.687744140625,field_sorting,value_normalization
0.5951555371284485,field_sorting_value_normalization,0.04264239875637755,base_model.model.model.layers.20.self_attn.o_proj,0.0902894139289856,0.1003352701663971,0.89987713098526,seed42,0.706840670838648,field_sorting,value_normalization
0.2236167937517166,field_sorting_value_normalization,0.02199507732780612,base_model.model.model.layers.20.self_attn.q_proj,0.10035684704780579,0.10260327905416489,0.9781056642532349,seed42,0.5717960279815051,field_sorting,value_normalization
0.5823517441749573,field_sorting_value_normalization,0.036220005580357144,base_model.model.model.layers.20.self_attn.v_proj,0.03450826182961464,0.04042944684624672,0.8535427451133728,seed42,0.6972481863839286,field_sorting,value_normalization
0.40456587076187134,field_sorting_value_normalization,0.024850027901785716,base_model.model.model.layers.21.self_attn.k_proj,0.031147561967372894,0.03407983109354973,0.9139587879180908,seed42,0.6367013113839286,field_sorting,value_normalization
0.6037779450416565,field_sorting_value_normalization,0.04435511997767857,base_model.model.model.layers.21.self_attn.o_proj,0.08612610399723053,0.10258062183856964,0.839594304561615,seed42,0.7030951052295918,field_sorting,value_normalization
0.42024677991867065,field_sorting_value_normalization,0.031414421237244895,base_model.model.model.layers.21.self_attn.q_proj,0.09066303819417953,0.08842777460813522,0.9753453731536865,seed42,0.6348142040019132,field_sorting,value_normalization
0.6458565592765808,field_sorting_value_normalization,0.04078020368303571,base_model.model.model.layers.21.self_attn.v_proj,0.03454684838652611,0.03763670474290848,0.9179031252861023,seed42,0.7174944196428571,field_sorting,value_normalization
0.14361520111560822,field_sorting_value_normalization,0.014212472098214286,base_model.model.model.layers.22.self_attn.k_proj,0.04051734507083893,0.03670338913798332,0.9058685898780823,seed42,0.5455671037946429,field_sorting,value_normalization
0.332577645778656,field_sorting_value_normalization,0.023797482860331634,base_model.model.model.layers.22.self_attn.o_proj,0.09712261706590652,0.10179448127746582,0.9541049599647522,seed42,0.6115884586256377,field_sorting,value_normalization
0.1972348690032959,field_sorting_value_normalization,0.020560128348214284,base_model.model.model.layers.22.self_attn.q_proj,0.0963234081864357,0.09785101562738419,0.9843884110450745,seed42,0.5721448003029337,field_sorting,value_normalization
0.4704936444759369,field_sorting_value_normalization,0.026027134486607144,base_model.model.model.layers.22.self_attn.v_proj,0.035447701811790466,0.03797979652881622,0.9333304762840271,seed42,0.6593802315848214,field_sorting,value_normalization
0.3061271011829376,field_sorting_value_normalization,0.023245675223214284,base_model.model.model.layers.23.self_attn.k_proj,0.040361642837524414,0.036086685955524445,0.8940836787223816,seed42,0.5877685546875,field_sorting,value_normalization
0.43143460154533386,field_sorting_value_normalization,0.02373520208864796,base_model.model.model.layers.23.self_attn.o_proj,0.09863803535699844,0.09732697159051895,0.9867083430290222,seed42,0.6432893714126275,field_sorting,value_normalization
0.34082460403442383,field_sorting_value_normalization,0.02464823820153061,base_model.model.model.layers.23.self_attn.q_proj,0.10679198801517487,0.09414061158895493,0.8815325498580933,seed42,0.608574069276148,field_sorting,value_normalization
0.5929726958274841,field_sorting_value_normalization,0.036376953125,base_model.model.model.layers.23.self_attn.v_proj,0.03796122223138809,0.04020493105053902,0.9441931843757629,seed42,0.6940569196428571,field_sorting,value_normalization
0.4856007397174835,field_sorting_value_normalization,0.028372628348214284,base_model.model.model.layers.3.self_attn.k_proj,0.03204571455717087,0.036222051829099655,0.8847017884254456,seed42,0.6749441964285714,field_sorting,value_normalization
0.3973636031150818,field_sorting_value_normalization,0.025956134406887755,base_model.model.model.layers.3.self_attn.o_proj,0.08175933361053467,0.09253482520580292,0.8835520148277283,seed42,0.6356537488042092,field_sorting,value_normalization
0.34912505745887756,field_sorting_value_normalization,0.020789321588010203,base_model.model.model.layers.3.self_attn.q_proj,0.0805727168917656,0.0891435518860817,0.9038535356521606,seed42,0.6183160275829082,field_sorting,value_normalization
0.46860095858573914,field_sorting_value_normalization,0.0340576171875,base_model.model.model.layers.3.self_attn.v_proj,0.029238983988761902,0.03416544944047928,0.8558056354522705,seed42,0.6709507533482143,field_sorting,value_normalization
0.10066860914230347,field_sorting_value_normalization,0.020856584821428572,base_model.model.model.layers.4.self_attn.k_proj,0.028827013447880745,0.03634011372923851,0.7932559847831726,seed42,0.5445643833705357,field_sorting,value_normalization
0.39444151520729065,field_sorting_value_normalization,0.02662627551020408,base_model.model.model.layers.4.self_attn.o_proj,0.08307591080665588,0.08892371505498886,0.9342379570007324,seed42,0.6359502052774235,field_sorting,value_normalization
0.3161037862300873,field_sorting_value_normalization,0.02053272480867347,base_model.model.model.layers.4.self_attn.q_proj,0.0786481574177742,0.08649685978889465,0.9092602729797363,seed42,0.603584133848852,field_sorting,value_normalization
0.4108896255493164,field_sorting_value_normalization,0.031773158482142856,base_model.model.model.layers.4.self_attn.v_proj,0.029874315485358238,0.03489216789603233,0.8561897277832031,seed42,0.6454903738839286,field_sorting,value_normalization
0.32982876896858215,field_sorting_value_normalization,0.025835309709821428,base_model.model.model.layers.5.self_attn.k_proj,0.029582103714346886,0.0304915439337492,0.9701740145683289,seed42,0.6059308733258929,field_sorting,value_normalization
0.3957599103450775,field_sorting_value_normalization,0.028243084343112245,base_model.model.model.layers.5.self_attn.o_proj,0.08211351931095123,0.08878973126411438,0.9248087406158447,seed42,0.6280069156568877,field_sorting,value_normalization
0.32380154728889465,field_sorting_value_normalization,0.024007991868622448,base_model.model.model.layers.5.self_attn.q_proj,0.08103235065937042,0.08780262619256973,0.9228920936584473,seed42,0.6054998903858418,field_sorting,value_normalization
0.34763526916503906,field_sorting_value_normalization,0.028294154575892856,base_model.model.model.layers.5.self_attn.v_proj,0.030748387798666954,0.032217517495155334,0.9543996453285217,seed42,0.6235874720982143,field_sorting,value_normalization
0.2720580995082855,field_sorting_value_normalization,0.023289271763392856,base_model.model.model.layers.6.self_attn.k_proj,0.028229529038071632,0.030893247574567795,0.913776695728302,seed42,0.590087890625,field_sorting,value_normalization
0.36730387806892395,field_sorting_value_normalization,0.022909359056122448,base_model.model.model.layers.6.self_attn.o_proj,0.078736312687397,0.0877414420247078,0.8973674178123474,seed42,0.6199004504145408,field_sorting,value_normalization
0.30626922845840454,field_sorting_value_normalization,0.02002326809630102,base_model.model.model.layers.6.self_attn.q_proj,0.08012153208255768,0.08798492699861526,0.9106279611587524,seed42,0.6037921516262755,field_sorting,value_normalization
0.34528371691703796,field_sorting_value_normalization,0.021946498325892856,base_model.model.model.layers.6.self_attn.v_proj,0.028650732710957527,0.03166240453720093,0.9048817753791809,seed42,0.61602783203125,field_sorting,value_normalization
0.25952351093292236,field_sorting_value_normalization,0.018144880022321428,base_model.model.model.layers.7.self_attn.k_proj,0.027817722409963608,0.029660070315003395,0.9378845691680908,seed42,0.5836007254464286,field_sorting,value_normalization
0.37805551290512085,field_sorting_value_normalization,0.02216572664221939,base_model.model.model.layers.7.self_attn.o_proj,0.08166179060935974,0.08713197708129883,0.937219500541687,seed42,0.6247795260682398,field_sorting,value_normalization
0.2062619924545288,field_sorting_value_normalization,0.019632144850127552,base_model.model.model.layers.7.self_attn.q_proj,0.07782351225614548,0.08238567411899567,0.9446243047714233,seed42,0.5794054926658163,field_sorting,value_normalization
0.42461782693862915,field_sorting_value_normalization,0.027361188616071428,base_model.model.model.layers.7.self_attn.v_proj,0.029838070273399353,0.03262350335717201,0.9146188497543335,seed42,0.64349365234375,field_sorting,value_normalization
0.2621133029460907,field_sorting_value_normalization,0.0218505859375,base_model.model.model.layers.8.self_attn.k_proj,0.033783163875341415,0.02866126224398613,0.8483889102935791,seed42,0.6009695870535714,field_sorting,value_normalization
0.3769296109676361,field_sorting_value_normalization,0.02279476243622449,base_model.model.model.layers.8.self_attn.o_proj,0.08545884490013123,0.0883435532450676,0.967346727848053,seed42,0.6266940369897959,field_sorting,value_normalization
0.300645112991333,field_sorting_value_normalization,0.020240005181760203,base_model.model.model.layers.8.self_attn.q_proj,0.07879941910505295,0.08773275464773178,0.8981755971908569,seed42,0.6036314672353317,field_sorting,value_normalization
0.3889607787132263,field_sorting_value_normalization,0.025068010602678572,base_model.model.model.layers.8.self_attn.v_proj,0.029218291863799095,0.031123025342822075,0.9387998580932617,seed42,0.6218436104910714,field_sorting,value_normalization
0.34455806016921997,field_sorting_value_normalization,0.022731236049107144,base_model.model.model.layers.9.self_attn.k_proj,0.03163905441761017,0.029591461643576622,0.9352827668190002,seed42,0.6196986607142857,field_sorting,value_normalization
0.37516653537750244,field_sorting_value_normalization,0.02461958904655612,base_model.model.model.layers.9.self_attn.o_proj,0.08364509791135788,0.08480675518512726,0.9863023161888123,seed42,0.6255032286352041,field_sorting,value_normalization
0.2762466371059418,field_sorting_value_normalization,0.02004444355867347,base_model.model.model.layers.9.self_attn.q_proj,0.08093425631523132,0.0774812251329422,0.957335352897644,seed42,0.5931857362085459,field_sorting,value_normalization
0.2726954221725464,field_sorting_value_normalization,0.018964494977678572,base_model.model.model.layers.9.self_attn.v_proj,0.028377488255500793,0.03141288086771965,0.9033710956573486,seed42,0.5959908621651786,field_sorting,value_normalization
0.43853557109832764,field_sorting_value_normalization,0.029375348772321428,base_model.model.model.layers.0.self_attn.k_proj,0.030491918325424194,0.03072550520300865,0.9923976063728333,seed43,0.6576625279017857,field_sorting,value_normalization
0.41647887229919434,field_sorting_value_normalization,0.0307430345184949,base_model.model.model.layers.0.self_attn.o_proj,0.08664262294769287,0.0838131383061409,0.9673430323600769,seed43,0.6348528180803571,field_sorting,value_normalization
0.35298430919647217,field_sorting_value_normalization,0.027788434709821428,base_model.model.model.layers.0.self_attn.q_proj,0.08521630614995956,0.08527010679244995,0.9993690848350525,seed43,0.6180768694196429,field_sorting,value_normalization
0.23468700051307678,field_sorting_value_normalization,0.020438058035714284,base_model.model.model.layers.0.self_attn.v_proj,0.02938815765082836,0.03127175197005272,0.9397668838500977,seed43,0.5718732561383929,field_sorting,value_normalization
0.43372079730033875,field_sorting_value_normalization,0.022574288504464284,base_model.model.model.layers.1.self_attn.k_proj,0.031602248549461365,0.033285919576883316,0.9494179487228394,seed43,0.6490565708705357,field_sorting,value_normalization
0.4134407639503479,field_sorting_value_normalization,0.03126992984693878,base_model.model.model.layers.1.self_attn.o_proj,0.0824320986866951,0.08498189598321915,0.9699959754943848,seed43,0.6442896006058674,field_sorting,value_normalization
0.29742714762687683,field_sorting_value_normalization,0.020035724250637755,base_model.model.model.layers.1.self_attn.q_proj,0.08354039490222931,0.08724839985370636,0.9575005769729614,seed43,0.5979813556281888,field_sorting,value_normalization
0.30618610978126526,field_sorting_value_normalization,0.020961216517857144,base_model.model.model.layers.1.self_attn.v_proj,0.031012125313282013,0.03180071711540222,0.9752020835876465,seed43,0.6068115234375,field_sorting,value_normalization
0.43724325299263,field_sorting_value_normalization,0.028520856584821428,base_model.model.model.layers.10.self_attn.k_proj,0.02960185520350933,0.030848423019051552,0.9595905542373657,seed43,0.6526750837053571,field_sorting,value_normalization
0.38781020045280457,field_sorting_value_normalization,0.02403788663903061,base_model.model.model.layers.10.self_attn.o_proj,0.08127926290035248,0.08345767855644226,0.9738979339599609,seed43,0.6287829340720663,field_sorting,value_normalization
0.3389275372028351,field_sorting_value_normalization,0.022077287946428572,base_model.model.model.layers.10.self_attn.q_proj,0.07982100546360016,0.08518212288618088,0.9370628595352173,seed43,0.6161822883450255,field_sorting,value_normalization
0.3665923774242401,field_sorting_value_normalization,0.02606201171875,base_model.model.model.layers.10.self_attn.v_proj,0.030119700357317924,0.030419254675507545,0.9901524782180786,seed43,0.62615966796875,field_sorting,value_normalization
0.26644834876060486,field_sorting_value_normalization,0.02044677734375,base_model.model.model.layers.11.self_attn.k_proj,0.029192360118031502,0.03147151693701744,0.9275803565979004,seed43,0.5876726422991071,field_sorting,value_normalization
0.43340757489204407,field_sorting_value_normalization,0.028551996970663265,base_model.model.model.layers.11.self_attn.o_proj,0.08363355696201324,0.08270063251256943,0.9888451099395752,seed43,0.6462601642219388,field_sorting,value_normalization
0.28110554814338684,field_sorting_value_normalization,0.02385727240114796,base_model.model.model.layers.11.self_attn.q_proj,0.07678200304508209,0.07686259597539902,0.9989514946937561,seed43,0.5855974469866071,field_sorting,value_normalization
0.47469621896743774,field_sorting_value_normalization,0.033595493861607144,base_model.model.model.layers.11.self_attn.v_proj,0.03269757702946663,0.03240842744708061,0.9911568760871887,seed43,0.6515415736607143,field_sorting,value_normalization
0.4376840591430664,field_sorting_value_normalization,0.026375906808035716,base_model.model.model.layers.12.self_attn.k_proj,0.033174484968185425,0.03242924436926842,0.9775357246398926,seed43,0.64776611328125,field_sorting,value_normalization
0.32921528816223145,field_sorting_value_normalization,0.02073700573979592,base_model.model.model.layers.12.self_attn.o_proj,0.08726099133491516,0.08961639553308487,0.9737167954444885,seed43,0.6087820870535714,field_sorting,value_normalization
0.2775636911392212,field_sorting_value_normalization,0.021275111607142856,base_model.model.model.layers.12.self_attn.q_proj,0.09258484095335007,0.0862848088145256,0.9319539666175842,seed43,0.5821396185427296,field_sorting,value_normalization
0.448111355304718,field_sorting_value_normalization,0.03326416015625,base_model.model.model.layers.12.self_attn.v_proj,0.03278731554746628,0.03254665806889534,0.9926600456237793,seed43,0.6402587890625,field_sorting,value_normalization
0.14622434973716736,field_sorting_value_normalization,0.015869140625,base_model.model.model.layers.13.self_attn.k_proj,0.029231011867523193,0.029565421864390373,0.988689124584198,seed43,0.5546613420758929,field_sorting,value_normalization
0.37929871678352356,field_sorting_value_normalization,0.02537692323022959,base_model.model.model.layers.13.self_attn.o_proj,0.08546876162290573,0.09188144654035568,0.9302069544792175,seed43,0.6236746651785714,field_sorting,value_normalization
0.2899402379989624,field_sorting_value_normalization,0.02815962810905612,base_model.model.model.layers.13.self_attn.q_proj,0.07634852826595306,0.0811070129275322,0.9413307905197144,seed43,0.5973934251434949,field_sorting,value_normalization
0.3576831817626953,field_sorting_value_normalization,0.03247942243303571,base_model.model.model.layers.13.self_attn.v_proj,0.03360212594270706,0.033412933349609375,0.994369626045227,seed43,0.6221923828125,field_sorting,value_normalization
0.3847213685512543,field_sorting_value_normalization,0.021693638392857144,base_model.model.model.layers.14.self_attn.k_proj,0.030010191723704338,0.030881883576512337,0.9717733860015869,seed43,0.6230381556919643,field_sorting,value_normalization
0.3605084717273712,field_sorting_value_normalization,0.023158482142857144,base_model.model.model.layers.14.self_attn.o_proj,0.08728808909654617,0.09616390615701675,0.9077011346817017,seed43,0.6119559151785714,field_sorting,value_normalization
0.23611760139465332,field_sorting_value_normalization,0.01927963568239796,base_model.model.model.layers.14.self_attn.q_proj,0.08397455513477325,0.08068687468767166,0.9608491063117981,seed43,0.5744815748565051,field_sorting,value_normalization
0.4392349421977997,field_sorting_value_normalization,0.027901785714285716,base_model.model.model.layers.14.self_attn.v_proj,0.03129662945866585,0.03394542634487152,0.921968936920166,seed43,0.6507742745535714,field_sorting,value_normalization
0.39578160643577576,field_sorting_value_normalization,0.02978515625,base_model.model.model.layers.15.self_attn.k_proj,0.03724873811006546,0.03410535305738449,0.9156109690666199,seed43,0.62982177734375,field_sorting,value_normalization
0.36337724328041077,field_sorting_value_normalization,0.02360565808354592,base_model.model.model.layers.15.self_attn.o_proj,0.0913967564702034,0.09016597270965576,0.9865336418151855,seed43,0.6185776068239796,field_sorting,value_normalization
0.3572709858417511,field_sorting_value_normalization,0.02174221739477041,base_model.model.model.layers.15.self_attn.q_proj,0.09624102711677551,0.09786171466112137,0.983439028263092,seed43,0.6182026765784439,field_sorting,value_normalization
0.3140375316143036,field_sorting_value_normalization,0.027701241629464284,base_model.model.model.layers.15.self_attn.v_proj,0.033468712121248245,0.03663003444671631,0.9136958718299866,seed43,0.6140485491071429,field_sorting,value_normalization
0.38045188784599304,field_sorting_value_normalization,0.025852748325892856,base_model.model.model.layers.16.self_attn.k_proj,0.02983645349740982,0.03054436296224594,0.9768235683441162,seed43,0.6293422154017857,field_sorting,value_normalization
0.5172252655029297,field_sorting_value_normalization,0.03221036949936224,base_model.model.model.layers.16.self_attn.o_proj,0.09148501604795456,0.09070760756731033,0.9915023446083069,seed43,0.6692093829719388,field_sorting,value_normalization
0.21180860698223114,field_sorting_value_normalization,0.01778987962372449,base_model.model.model.layers.16.self_attn.q_proj,0.08736024051904678,0.08593666553497314,0.9837045669555664,seed43,0.5721485371492347,field_sorting,value_normalization
0.5508383512496948,field_sorting_value_normalization,0.03737095424107143,base_model.model.model.layers.16.self_attn.v_proj,0.030840612947940826,0.03586827963590622,0.8598297238349915,seed43,0.6856340680803571,field_sorting,value_normalization
0.6847535371780396,field_sorting_value_normalization,0.046848842075892856,base_model.model.model.layers.17.self_attn.k_proj,0.036331430077552795,0.03604649379849434,0.9921572804450989,seed43,0.7312796456473214,field_sorting,value_normalization
0.4136120080947876,field_sorting_value_normalization,0.024491290656887755,base_model.model.model.layers.17.self_attn.o_proj,0.09235874563455582,0.09917663782835007,0.931255042552948,seed43,0.6344330456792092,field_sorting,value_normalization
0.32724303007125854,field_sorting_value_normalization,0.01900435467155612,base_model.model.model.layers.17.self_attn.q_proj,0.08820363879203796,0.09170365333557129,0.9618334174156189,seed43,0.6067081373565051,field_sorting,value_normalization
0.6534562706947327,field_sorting_value_normalization,0.0418701171875,base_model.model.model.layers.17.self_attn.v_proj,0.03646233305335045,0.0395229235291481,0.9225616455078125,seed43,0.7189505440848214,field_sorting,value_normalization
0.5124532580375671,field_sorting_value_normalization,0.03534807477678571,base_model.model.model.layers.18.self_attn.k_proj,0.039685700088739395,0.04287172108888626,0.9256848096847534,seed43,0.6847708565848214,field_sorting,value_normalization
0.333164781332016,field_sorting_value_normalization,0.025076729910714284,base_model.model.model.layers.18.self_attn.o_proj,0.09297666698694229,0.098684161901474,0.9421640038490295,seed43,0.5945845623405612,field_sorting,value_normalization
0.30993109941482544,field_sorting_value_normalization,0.02239616549744898,base_model.model.model.layers.18.self_attn.q_proj,0.09624610096216202,0.10423935949802399,0.9233182072639465,seed43,0.6060479611766582,field_sorting,value_normalization
0.32332730293273926,field_sorting_value_normalization,0.027143205915178572,base_model.model.model.layers.18.self_attn.v_proj,0.032661035656929016,0.03692656010389328,0.8844862580299377,seed43,0.6046142578125,field_sorting,value_normalization
0.34065625071525574,field_sorting_value_normalization,0.02630615234375,base_model.model.model.layers.19.self_attn.k_proj,0.04044564440846443,0.03772234171628952,0.93266761302948,seed43,0.6023995535714286,field_sorting,value_normalization
0.4572914242744446,field_sorting_value_normalization,0.02642074896364796,base_model.model.model.layers.19.self_attn.o_proj,0.09303615242242813,0.09682640433311462,0.9608551859855652,seed43,0.6577173349808674,field_sorting,value_normalization
0.3070136308670044,field_sorting_value_normalization,0.026989995216836735,base_model.model.model.layers.19.self_attn.q_proj,0.09927719831466675,0.1059892550110817,0.9366722702980042,seed43,0.5991360411352041,field_sorting,value_normalization
0.4286574423313141,field_sorting_value_normalization,0.027936662946428572,base_model.model.model.layers.19.self_attn.v_proj,0.03898318484425545,0.03826528787612915,0.9815844297409058,seed43,0.6348789760044643,field_sorting,value_normalization
0.45677611231803894,field_sorting_value_normalization,0.029497419084821428,base_model.model.model.layers.2.self_attn.k_proj,0.031849995255470276,0.03278246149420738,0.9715559482574463,seed43,0.6495361328125,field_sorting,value_normalization
0.4088832139968872,field_sorting_value_normalization,0.02360565808354592,base_model.model.model.layers.2.self_attn.o_proj,0.08272960036993027,0.08135119080543518,0.9833383560180664,seed43,0.6377127511160714,field_sorting,value_normalization
0.3669520914554596,field_sorting_value_normalization,0.02200504225127551,base_model.model.model.layers.2.self_attn.q_proj,0.0775078684091568,0.07740920782089233,0.9987270832061768,seed43,0.6244544204400511,field_sorting,value_normalization
0.43365392088890076,field_sorting_value_normalization,0.032924107142857144,base_model.model.model.layers.2.self_attn.v_proj,0.03221133351325989,0.03149105980992317,0.9776391386985779,seed43,0.64154052734375,field_sorting,value_normalization
0.49654874205589294,field_sorting_value_normalization,0.028076171875,base_model.model.model.layers.20.self_attn.k_proj,0.038281384855508804,0.03976500779390335,0.9626902341842651,seed43,0.6702096121651786,field_sorting,value_normalization
0.5661957859992981,field_sorting_value_normalization,0.04148273078762755,base_model.model.model.layers.20.self_attn.o_proj,0.08503470569849014,0.09338970482349396,0.9105361700057983,seed43,0.6852628746811225,field_sorting,value_normalization
0.2730403542518616,field_sorting_value_normalization,0.022039919483418366,base_model.model.model.layers.20.self_attn.q_proj,0.10404036194086075,0.10131923109292984,0.9738454222679138,seed43,0.5976450394610969,field_sorting,value_normalization
0.4746319353580475,field_sorting_value_normalization,0.029942103794642856,base_model.model.model.layers.20.self_attn.v_proj,0.03257342427968979,0.038779791444540024,0.8399587273597717,seed43,0.6546282087053571,field_sorting,value_normalization
0.40368616580963135,field_sorting_value_normalization,0.023812430245535716,base_model.model.model.layers.21.self_attn.k_proj,0.03192731738090515,0.033490728586912155,0.9533180594444275,seed43,0.6341029575892857,field_sorting,value_normalization
0.6225063800811768,field_sorting_value_normalization,0.0427482760682398,base_model.model.model.layers.21.self_attn.o_proj,0.084086112678051,0.09874498844146729,0.8515481352806091,seed43,0.7148786272321429,field_sorting,value_normalization
0.4064939320087433,field_sorting_value_normalization,0.03129857900191327,base_model.model.model.layers.21.self_attn.q_proj,0.08879391103982925,0.09290484338998795,0.9557511806488037,seed43,0.6377675581951531,field_sorting,value_normalization
0.622101366519928,field_sorting_value_normalization,0.04258510044642857,base_model.model.model.layers.21.self_attn.v_proj,0.03159360587596893,0.036415692418813705,0.8675822019577026,seed43,0.7114083426339286,field_sorting,value_normalization
0.39697369933128357,field_sorting_value_normalization,0.024422781808035716,base_model.model.model.layers.22.self_attn.k_proj,0.04139400273561478,0.0372912660241127,0.9008857011795044,seed43,0.6260201590401786,field_sorting,value_normalization
0.2631146013736725,field_sorting_value_normalization,0.02126888352997449,base_model.model.model.layers.22.self_attn.o_proj,0.09676311165094376,0.09206320345401764,0.9514287114143372,seed43,0.5942357900191326,field_sorting,value_normalization
0.28217676281929016,field_sorting_value_normalization,0.021985112404336735,base_model.model.model.layers.22.self_attn.q_proj,0.09747212380170822,0.09631357342004776,0.988114058971405,seed43,0.6022612902582908,field_sorting,value_normalization
0.438794881105423,field_sorting_value_normalization,0.025669642857142856,base_model.model.model.layers.22.self_attn.v_proj,0.03370073810219765,0.03691300377249718,0.912977397441864,seed43,0.6466064453125,field_sorting,value_normalization
0.35826948285102844,field_sorting_value_normalization,0.024056570870535716,base_model.model.model.layers.23.self_attn.k_proj,0.04387041553854942,0.0362900011241436,0.8272089958190918,seed43,0.6166730608258929,field_sorting,value_normalization
0.45405638217926025,field_sorting_value_normalization,0.028290417729591837,base_model.model.model.layers.23.self_attn.o_proj,0.10015492886304855,0.099296435713768,0.9914283752441406,seed43,0.6499197823660714,field_sorting,value_normalization
0.2645971179008484,field_sorting_value_normalization,0.02052151426977041,base_model.model.model.layers.23.self_attn.q_proj,0.1124025285243988,0.09497047960758209,0.8449140787124634,seed43,0.5919774892378826,field_sorting,value_normalization
0.6263917088508606,field_sorting_value_normalization,0.03959437779017857,base_model.model.model.layers.23.self_attn.v_proj,0.03386610001325607,0.03785594552755356,0.894604504108429,seed43,0.7212698800223214,field_sorting,value_normalization
0.3134269118309021,field_sorting_value_normalization,0.020586286272321428,base_model.model.model.layers.3.self_attn.k_proj,0.02959645912051201,0.03325795382261276,0.8899061679840088,seed43,0.6083025251116071,field_sorting,value_normalization
0.4324147403240204,field_sorting_value_normalization,0.028913225446428572,base_model.model.model.layers.3.self_attn.o_proj,0.07881760597229004,0.08545876294374466,0.922288179397583,seed43,0.6477960080516582,field_sorting,value_normalization
0.3158717453479767,field_sorting_value_normalization,0.020545180963010203,base_model.model.model.layers.3.self_attn.q_proj,0.07969144731760025,0.08820991218090057,0.9034296274185181,seed43,0.6019673250159439,field_sorting,value_normalization
0.4686850309371948,field_sorting_value_normalization,0.030909946986607144,base_model.model.model.layers.3.self_attn.v_proj,0.02947501838207245,0.033001858741045,0.8931320905685425,seed43,0.6681256975446429,field_sorting,value_normalization
0.08437012135982513,field_sorting_value_normalization,0.023716517857142856,base_model.model.model.layers.4.self_attn.k_proj,0.027687547728419304,0.0330398865044117,0.8380036950111389,seed43,0.5354439871651786,field_sorting,value_normalization
0.3929647207260132,field_sorting_value_normalization,0.02333785076530612,base_model.model.model.layers.4.self_attn.o_proj,0.08317042887210846,0.08326098322868347,0.9989123940467834,seed43,0.6297794264190051,field_sorting,value_normalization
0.37366437911987305,field_sorting_value_normalization,0.022867008131377552,base_model.model.model.layers.4.self_attn.q_proj,0.0790790468454361,0.09183625131845474,0.8610875010490417,seed43,0.6254409478635204,field_sorting,value_normalization
0.4300597906112671,field_sorting_value_normalization,0.030290876116071428,base_model.model.model.layers.4.self_attn.v_proj,0.030520521104335785,0.031943436712026596,0.9554551243782043,seed43,0.6531982421875,field_sorting,value_normalization
0.37039873003959656,field_sorting_value_normalization,0.025259835379464284,base_model.model.model.layers.5.self_attn.k_proj,0.02924025058746338,0.02929064631462097,0.9982794523239136,seed43,0.6282958984375,field_sorting,value_normalization
0.38973569869995117,field_sorting_value_normalization,0.02570576570471939,base_model.model.model.layers.5.self_attn.o_proj,0.0818604975938797,0.08699771761894226,0.9409499168395996,seed43,0.6293608996332908,field_sorting,value_normalization
0.3837754428386688,field_sorting_value_normalization,0.02381367586096939,base_model.model.model.layers.5.self_attn.q_proj,0.07965356856584549,0.08288956433534622,0.9609601497650146,seed43,0.6212781010841837,field_sorting,value_normalization
0.30656224489212036,field_sorting_value_normalization,0.03199986049107143,base_model.model.model.layers.5.self_attn.v_proj,0.030051955953240395,0.031157659366726875,0.9645126461982727,seed43,0.61260986328125,field_sorting,value_normalization
0.32001280784606934,field_sorting_value_normalization,0.024553571428571428,base_model.model.model.layers.6.self_attn.k_proj,0.026547811925411224,0.028579410165548325,0.9289138913154602,seed43,0.60528564453125,field_sorting,value_normalization
0.3762432634830475,field_sorting_value_normalization,0.023770079320790817,base_model.model.model.layers.6.self_attn.o_proj,0.07933883368968964,0.08472958952188492,0.9363769292831421,seed43,0.6269855110012755,field_sorting,value_normalization
0.3411203622817993,field_sorting_value_normalization,0.021768375318877552,base_model.model.model.layers.6.self_attn.q_proj,0.0763038843870163,0.08486790955066681,0.8990899324417114,seed43,0.612983547911352,field_sorting,value_normalization
0.41337358951568604,field_sorting_value_normalization,0.027622767857142856,base_model.model.model.layers.6.self_attn.v_proj,0.028776591643691063,0.031636979430913925,0.9095872044563293,seed43,0.6355329241071429,field_sorting,value_normalization
0.18959614634513855,field_sorting_value_normalization,0.018624441964285716,base_model.model.model.layers.7.self_attn.k_proj,0.029417609795928,0.02825525589287281,0.9604878425598145,seed43,0.5717860630580357,field_sorting,value_normalization
0.4192773103713989,field_sorting_value_normalization,0.024777782206632654,base_model.model.model.layers.7.self_attn.o_proj,0.0781584158539772,0.08265560865402222,0.9455912113189697,seed43,0.6387814891581632,field_sorting,value_normalization
0.26945018768310547,field_sorting_value_normalization,0.022639060507015307,base_model.model.model.layers.7.self_attn.q_proj,0.07889492064714432,0.08148903399705887,0.9681661128997803,seed43,0.5932716836734694,field_sorting,value_normalization
0.4174436628818512,field_sorting_value_normalization,0.030299595424107144,base_model.model.model.layers.7.self_attn.v_proj,0.029576033353805542,0.030255941674113274,0.9775280952453613,seed43,0.6425432477678571,field_sorting,value_normalization
0.1832776814699173,field_sorting_value_normalization,0.021135602678571428,base_model.model.model.layers.8.self_attn.k_proj,0.031329717487096786,0.02721155621111393,0.8685541749000549,seed43,0.5646100725446429,field_sorting,value_normalization
0.3550325036048889,field_sorting_value_normalization,0.022722516741071428,base_model.model.model.layers.8.self_attn.o_proj,0.08480525016784668,0.08388105779886246,0.9891021847724915,seed43,0.6172709562340561,field_sorting,value_normalization
0.26001879572868347,field_sorting_value_normalization,0.01884491589604592,base_model.model.model.layers.8.self_attn.q_proj,0.08031260967254639,0.08251012861728668,0.9733666777610779,seed43,0.5821794782366071,field_sorting,value_normalization
0.35316333174705505,field_sorting_value_normalization,0.026864188058035716,base_model.model.model.layers.8.self_attn.v_proj,0.028905516490340233,0.0315302275121212,0.916755735874176,seed43,0.6140398297991071,field_sorting,value_normalization
0.33200955390930176,field_sorting_value_normalization,0.019723074776785716,base_model.model.model.layers.9.self_attn.k_proj,0.031652312725782394,0.030208010226488113,0.9543697834014893,seed43,0.6130109514508929,field_sorting,value_normalization
0.43044978380203247,field_sorting_value_normalization,0.02936538384885204,base_model.model.model.layers.9.self_attn.o_proj,0.08345424383878708,0.08352719992399216,0.9991265535354614,seed43,0.6392411212531888,field_sorting,value_normalization
0.2805216312408447,field_sorting_value_normalization,0.020634865274234693,base_model.model.model.layers.9.self_attn.q_proj,0.08120158314704895,0.07903782278299332,0.9733532071113586,seed43,0.5898425043845663,field_sorting,value_normalization
0.3135952949523926,field_sorting_value_normalization,0.024632045200892856,base_model.model.model.layers.9.self_attn.v_proj,0.029851311817765236,0.03157946839928627,0.9452759623527527,seed43,0.6022600446428571,field_sorting,value_normalization
0.3663747012615204,field_sorting_value_normalization,0.021737234933035716,base_model.model.model.layers.0.self_attn.k_proj,0.027089055627584457,0.032527532428503036,0.8328039050102234,seed44,0.6178676060267857,field_sorting,value_normalization
0.4919046461582184,field_sorting_value_normalization,0.02910380460778061,base_model.model.model.layers.0.self_attn.o_proj,0.08306258171796799,0.08551917225122452,0.9712743759155273,seed44,0.6657826949139031,field_sorting,value_normalization
0.40839698910713196,field_sorting_value_normalization,0.030106525031887755,base_model.model.model.layers.0.self_attn.q_proj,0.07708277553319931,0.08381933718919754,0.9196299910545349,seed44,0.6377625757334183,field_sorting,value_normalization
0.37496429681777954,field_sorting_value_normalization,0.026279994419642856,base_model.model.model.layers.0.self_attn.v_proj,0.031811002641916275,0.032213371247053146,0.9875092506408691,seed44,0.6206926618303571,field_sorting,value_normalization
0.3347887098789215,field_sorting_value_normalization,0.021466936383928572,base_model.model.model.layers.1.self_attn.k_proj,0.031455956399440765,0.032326310873031616,0.9730759859085083,seed44,0.6197335379464286,field_sorting,value_normalization
0.4245833158493042,field_sorting_value_normalization,0.0273013990752551,base_model.model.model.layers.1.self_attn.o_proj,0.07907319813966751,0.08628063648939133,0.916465163230896,seed44,0.6432868801817602,field_sorting,value_normalization
0.40789324045181274,field_sorting_value_normalization,0.024514957350127552,base_model.model.model.layers.1.self_attn.q_proj,0.08388842642307281,0.08849084377288818,0.9479898810386658,seed44,0.6400333326690051,field_sorting,value_normalization
0.3728299140930176,field_sorting_value_normalization,0.024361746651785716,base_model.model.model.layers.1.self_attn.v_proj,0.03219880536198616,0.03374636545777321,0.9541414380073547,seed44,0.6303536551339286,field_sorting,value_normalization
0.5431162714958191,field_sorting_value_normalization,0.032932826450892856,base_model.model.model.layers.10.self_attn.k_proj,0.031834546476602554,0.03261035308241844,0.976209819316864,seed44,0.6826869419642857,field_sorting,value_normalization
0.4297420084476471,field_sorting_value_normalization,0.02944385762117347,base_model.model.model.layers.10.self_attn.o_proj,0.08284692466259003,0.08658329397439957,0.9568465352058411,seed44,0.6386992785395408,field_sorting,value_normalization
0.38660046458244324,field_sorting_value_normalization,0.02336649992028061,base_model.model.model.layers.10.self_attn.q_proj,0.08217271417379379,0.0872977003455162,0.9412930011749268,seed44,0.6240732621173469,field_sorting,value_normalization
0.47460293769836426,field_sorting_value_normalization,0.027936662946428572,base_model.model.model.layers.10.self_attn.v_proj,0.031184183433651924,0.03157979995012283,0.9874724745750427,seed44,0.6589704241071429,field_sorting,value_normalization
0.26094022393226624,field_sorting_value_normalization,0.017839704241071428,base_model.model.model.layers.11.self_attn.k_proj,0.028606140986084938,0.03015875816345215,0.9485185146331787,seed44,0.5898699079241071,field_sorting,value_normalization
0.40549686551094055,field_sorting_value_normalization,0.026063257334183673,base_model.model.model.layers.11.self_attn.o_proj,0.08034420013427734,0.08341178297996521,0.9632236361503601,seed44,0.6274887396364796,field_sorting,value_normalization
0.32582977414131165,field_sorting_value_normalization,0.02595488879145408,base_model.model.model.layers.11.self_attn.q_proj,0.07678667455911636,0.08049410581588745,0.9539415836334229,seed44,0.6085180165816326,field_sorting,value_normalization
0.47286272048950195,field_sorting_value_normalization,0.030665806361607144,base_model.model.model.layers.11.self_attn.v_proj,0.032517366111278534,0.033766571432352066,0.9630046486854553,seed44,0.6433367047991071,field_sorting,value_normalization
0.43724575638771057,field_sorting_value_normalization,0.027605329241071428,base_model.model.model.layers.12.self_attn.k_proj,0.03608592227101326,0.0344143770635128,0.9536787271499634,seed44,0.6448451450892857,field_sorting,value_normalization
0.4039776921272278,field_sorting_value_normalization,0.025212501992984693,base_model.model.model.layers.12.self_attn.o_proj,0.0825861468911171,0.0932750478386879,0.8854045271873474,seed44,0.6323042889030612,field_sorting,value_normalization
0.36006486415863037,field_sorting_value_normalization,0.028712681361607144,base_model.model.model.layers.12.self_attn.q_proj,0.08704011142253876,0.0934077575802803,0.931829571723938,seed44,0.6166033063616071,field_sorting,value_normalization
0.3929443657398224,field_sorting_value_normalization,0.030247279575892856,base_model.model.model.layers.12.self_attn.v_proj,0.03368270769715309,0.033395253121852875,0.9914658069610596,seed44,0.6294294084821429,field_sorting,value_normalization
0.21689890325069427,field_sorting_value_normalization,0.022068568638392856,base_model.model.model.layers.13.self_attn.k_proj,0.030211294069886208,0.03147447109222412,0.9598666429519653,seed44,0.5681501116071429,field_sorting,value_normalization
0.39721012115478516,field_sorting_value_normalization,0.02561234454719388,base_model.model.model.layers.13.self_attn.o_proj,0.09457261115312576,0.09579471498727798,0.9872424602508545,seed44,0.6303474270567602,field_sorting,value_normalization
0.31166312098503113,field_sorting_value_normalization,0.020699637276785716,base_model.model.model.layers.13.self_attn.q_proj,0.0854697972536087,0.08660466969013214,0.9868959188461304,seed44,0.6039839764030612,field_sorting,value_normalization
0.4213634431362152,field_sorting_value_normalization,0.03186907087053571,base_model.model.model.layers.13.self_attn.v_proj,0.03409624472260475,0.03275606036186218,0.9606940746307373,seed44,0.6358904157366071,field_sorting,value_normalization
0.5021197199821472,field_sorting_value_normalization,0.031084333147321428,base_model.model.model.layers.14.self_attn.k_proj,0.028720149770379066,0.031048081815242767,0.9250217080116272,seed44,0.6552211216517857,field_sorting,value_normalization
0.3070891499519348,field_sorting_value_normalization,0.01859330157844388,base_model.model.model.layers.14.self_attn.o_proj,0.09288733452558517,0.09353692829608917,0.9930552244186401,seed44,0.6002446388711735,field_sorting,value_normalization
0.30891507863998413,field_sorting_value_normalization,0.02115677814094388,base_model.model.model.layers.14.self_attn.q_proj,0.08399641513824463,0.08666378259658813,0.9692216515541077,seed44,0.5959460200095663,field_sorting,value_normalization
0.4552910029888153,field_sorting_value_normalization,0.026654924665178572,base_model.model.model.layers.14.self_attn.v_proj,0.030645327642560005,0.034412529319524765,0.8905282020568848,seed44,0.6540788922991071,field_sorting,value_normalization
0.3917274475097656,field_sorting_value_normalization,0.025242396763392856,base_model.model.model.layers.15.self_attn.k_proj,0.03544517979025841,0.03269548341631889,0.9224239587783813,seed44,0.631103515625,field_sorting,value_normalization
0.3737836480140686,field_sorting_value_normalization,0.022622867506377552,base_model.model.model.layers.15.self_attn.o_proj,0.09064431488513947,0.09684865176677704,0.9359378218650818,seed44,0.6232262436224489,field_sorting,value_normalization
0.3739188015460968,field_sorting_value_normalization,0.026611328125,base_model.model.model.layers.15.self_attn.q_proj,0.0959346741437912,0.09868607670068741,0.9721196293830872,seed44,0.6281277403539541,field_sorting,value_normalization
0.36018797755241394,field_sorting_value_normalization,0.02496337890625,base_model.model.model.layers.15.self_attn.v_proj,0.03393317013978958,0.034896958619356155,0.9723818898200989,seed44,0.6321759905133929,field_sorting,value_normalization
0.32650721073150635,field_sorting_value_normalization,0.021946498325892856,base_model.model.model.layers.16.self_attn.k_proj,0.029679356142878532,0.0315798819065094,0.9398184418678284,seed44,0.6138480050223214,field_sorting,value_normalization
0.4902759790420532,field_sorting_value_normalization,0.02786068040497449,base_model.model.model.layers.16.self_attn.o_proj,0.09789734333753586,0.09887311607599258,0.9901310801506042,seed44,0.6672313456632653,field_sorting,value_normalization
0.3064659833908081,field_sorting_value_normalization,0.025837800940688774,base_model.model.model.layers.16.self_attn.q_proj,0.08213373273611069,0.08876360952854156,0.9253086447715759,seed44,0.6124865473533163,field_sorting,value_normalization
0.5566607713699341,field_sorting_value_normalization,0.03660365513392857,base_model.model.model.layers.16.self_attn.v_proj,0.03283333033323288,0.03759530559182167,0.8733358979225159,seed44,0.6929931640625,field_sorting,value_normalization
0.5744189620018005,field_sorting_value_normalization,0.03385707310267857,base_model.model.model.layers.17.self_attn.k_proj,0.0365377701818943,0.03653028607368469,0.999795138835907,seed44,0.6909354073660714,field_sorting,value_normalization
0.4930821657180786,field_sorting_value_normalization,0.03473398636798469,base_model.model.model.layers.17.self_attn.o_proj,0.09219434857368469,0.10060130804777145,0.9164329171180725,seed44,0.6664067482461735,field_sorting,value_normalization
0.39383748173713684,field_sorting_value_normalization,0.03010403380102041,base_model.model.model.layers.17.self_attn.q_proj,0.08497510105371475,0.09693823754787445,0.8765901327133179,seed44,0.6273367745535714,field_sorting,value_normalization
0.6637634634971619,field_sorting_value_normalization,0.04700578962053571,base_model.model.model.layers.17.self_attn.v_proj,0.03505539521574974,0.041235871613025665,0.8501189351081848,seed44,0.7185145786830357,field_sorting,value_normalization
0.4932425022125244,field_sorting_value_normalization,0.033046177455357144,base_model.model.model.layers.18.self_attn.k_proj,0.0437953881919384,0.04128192737698555,0.9426090121269226,seed44,0.6582990373883929,field_sorting,value_normalization
0.27487713098526,field_sorting_value_normalization,0.01673858019770408,base_model.model.model.layers.18.self_attn.o_proj,0.09520884603261948,0.10769078880548477,0.8840945959091187,seed44,0.5824447943239796,field_sorting,value_normalization
0.334929883480072,field_sorting_value_normalization,0.027295170998086735,base_model.model.model.layers.18.self_attn.q_proj,0.10778521001338959,0.10178720951080322,0.9443522691726685,seed44,0.6141220404177296,field_sorting,value_normalization
0.42151013016700745,field_sorting_value_normalization,0.028730119977678572,base_model.model.model.layers.18.self_attn.v_proj,0.032870423048734665,0.037707943469285965,0.8717108368873596,seed44,0.6383841378348214,field_sorting,value_normalization
0.27016717195510864,field_sorting_value_normalization,0.01947021484375,base_model.model.model.layers.19.self_attn.k_proj,0.04342978820204735,0.03526927903294563,0.8120988011360168,seed44,0.5833217075892857,field_sorting,value_normalization
0.43336865305900574,field_sorting_value_normalization,0.025694555165816327,base_model.model.model.layers.19.self_attn.o_proj,0.0904395803809166,0.1002340242266655,0.9022842645645142,seed44,0.6477686045121174,field_sorting,value_normalization
0.31945398449897766,field_sorting_value_normalization,0.018689213966836735,base_model.model.model.layers.19.self_attn.q_proj,0.10338018834590912,0.1029246374964714,0.9955934286117554,seed44,0.6063805404974489,field_sorting,value_normalization
0.4127945303916931,field_sorting_value_normalization,0.02777099609375,base_model.model.model.layers.19.self_attn.v_proj,0.0432278998196125,0.03885947912931442,0.8989444375038147,seed44,0.6441563197544643,field_sorting,value_normalization
0.47762778401374817,field_sorting_value_normalization,0.030909946986607144,base_model.model.model.layers.2.self_attn.k_proj,0.02803557552397251,0.03282052278518677,0.8542087078094482,seed44,0.6579677036830357,field_sorting,value_normalization
0.4327269196510315,field_sorting_value_normalization,0.024926010443239797,base_model.model.model.layers.2.self_attn.o_proj,0.08077441900968552,0.08520974218845367,0.947948157787323,seed44,0.6456734793526786,field_sorting,value_normalization
0.44540879130363464,field_sorting_value_normalization,0.02732132892219388,base_model.model.model.layers.2.self_attn.q_proj,0.0827387198805809,0.08346615731716156,0.9912846684455872,seed44,0.6532356106505102,field_sorting,value_normalization
0.47673431038856506,field_sorting_value_normalization,0.03727504185267857,base_model.model.model.layers.2.self_attn.v_proj,0.03155326843261719,0.033223412930965424,0.9497299194335938,seed44,0.6660940987723214,field_sorting,value_normalization
0.5428016185760498,field_sorting_value_normalization,0.028294154575892856,base_model.model.model.layers.20.self_attn.k_proj,0.04196308180689812,0.03795555979013443,0.9044988751411438,seed44,0.6836722237723214,field_sorting,value_normalization
0.5267133116722107,field_sorting_value_normalization,0.03324796715561224,base_model.model.model.layers.20.self_attn.o_proj,0.08387105166912079,0.10124114155769348,0.8284285664558411,seed44,0.6713281748246174,field_sorting,value_normalization
0.37825360894203186,field_sorting_value_normalization,0.027927943638392856,base_model.model.model.layers.20.self_attn.q_proj,0.09968902170658112,0.10320400446653366,0.9659414291381836,seed44,0.6342212910554847,field_sorting,value_normalization
0.5850157737731934,field_sorting_value_normalization,0.040196010044642856,base_model.model.model.layers.20.self_attn.v_proj,0.03462310507893562,0.041140515357255936,0.8415817022323608,seed44,0.6864972795758929,field_sorting,value_normalization
0.5489407777786255,field_sorting_value_normalization,0.035304478236607144,base_model.model.model.layers.21.self_attn.k_proj,0.03618600219488144,0.03630936145782471,0.9966025352478027,seed44,0.6784493582589286,field_sorting,value_normalization
0.6189677119255066,field_sorting_value_normalization,0.042010871731505105,base_model.model.model.layers.21.self_attn.o_proj,0.09078802168369293,0.1035182997584343,0.8770238757133484,seed44,0.7131061164700255,field_sorting,value_normalization
0.4905134439468384,field_sorting_value_normalization,0.03495321468431122,base_model.model.model.layers.21.self_attn.q_proj,0.09584785997867584,0.09623979777097702,0.9959275126457214,seed44,0.6618104272959183,field_sorting,value_normalization
0.5914241075515747,field_sorting_value_normalization,0.03558349609375,base_model.model.model.layers.21.self_attn.v_proj,0.03480860963463783,0.03762706741690636,0.9250949621200562,seed44,0.6997593470982143,field_sorting,value_normalization
0.2111089676618576,field_sorting_value_normalization,0.015677315848214284,base_model.model.model.layers.22.self_attn.k_proj,0.04073924198746681,0.03744092211127281,0.9190382361412048,seed44,0.5611136300223214,field_sorting,value_normalization
0.4312557578086853,field_sorting_value_normalization,0.02674834582270408,base_model.model.model.layers.22.self_attn.o_proj,0.09384787827730179,0.09830032289028168,0.9547057151794434,seed44,0.6454193738042092,field_sorting,value_normalization
0.2830997407436371,field_sorting_value_normalization,0.021880480707908163,base_model.model.model.layers.22.self_attn.q_proj,0.0952216163277626,0.0982140302658081,0.9695317149162292,seed44,0.5954826510682398,field_sorting,value_normalization
0.4966866374015808,field_sorting_value_normalization,0.027614048549107144,base_model.model.model.layers.22.self_attn.v_proj,0.03526127338409424,0.03891122341156006,0.9061980247497559,seed44,0.6700090680803571,field_sorting,value_normalization
0.2840806543827057,field_sorting_value_normalization,0.020159040178571428,base_model.model.model.layers.23.self_attn.k_proj,0.045841872692108154,0.03667457029223442,0.8000233769416809,seed44,0.5803048270089286,field_sorting,value_normalization
0.534265398979187,field_sorting_value_normalization,0.03076545559630102,base_model.model.model.layers.23.self_attn.o_proj,0.08744458854198456,0.1009678915143013,0.8660633563995361,seed44,0.6828800123565051,field_sorting,value_normalization
0.30295392870903015,field_sorting_value_normalization,0.025158940529336735,base_model.model.model.layers.23.self_attn.q_proj,0.1082112044095993,0.0936557799577713,0.8654906153678894,seed44,0.5943665796396683,field_sorting,value_normalization
0.6852229237556458,field_sorting_value_normalization,0.0438232421875,base_model.model.model.layers.23.self_attn.v_proj,0.03722706437110901,0.04050570726394653,0.9190572500228882,seed44,0.7422310965401786,field_sorting,value_normalization
0.4926322400569916,field_sorting_value_normalization,0.028791155133928572,base_model.model.model.layers.3.self_attn.k_proj,0.03041244111955166,0.03413053974509239,0.8910624384880066,seed44,0.6739763532366071,field_sorting,value_normalization
0.4655359089374542,field_sorting_value_normalization,0.030435367506377552,base_model.model.model.layers.3.self_attn.o_proj,0.08585677295923233,0.09258271008729935,0.9273521304130554,seed44,0.6573374222735969,field_sorting,value_normalization
0.35837167501449585,field_sorting_value_normalization,0.022999043367346938,base_model.model.model.layers.3.self_attn.q_proj,0.08266779035329819,0.09173863381147385,0.9011229872703552,seed44,0.6246524732940051,field_sorting,value_normalization
0.49853554368019104,field_sorting_value_normalization,0.034092494419642856,base_model.model.model.layers.3.self_attn.v_proj,0.029353521764278412,0.0338413342833519,0.8673866391181946,seed44,0.6743861607142857,field_sorting,value_normalization
0.3007254898548126,field_sorting_value_normalization,0.022539411272321428,base_model.model.model.layers.4.self_attn.k_proj,0.02984134666621685,0.03285983204841614,0.9081405997276306,seed44,0.6071864536830357,field_sorting,value_normalization
0.4493245482444763,field_sorting_value_normalization,0.02507050183354592,base_model.model.model.layers.4.self_attn.o_proj,0.0836743488907814,0.08665604889392853,0.965591549873352,seed44,0.6481123943718112,field_sorting,value_normalization
0.4053913354873657,field_sorting_value_normalization,0.02653659119897959,base_model.model.model.layers.4.self_attn.q_proj,0.08237016201019287,0.0876867026090622,0.9393689036369324,seed44,0.6410211057079082,field_sorting,value_normalization
0.42904236912727356,field_sorting_value_normalization,0.03485979352678571,base_model.model.model.layers.4.self_attn.v_proj,0.02950216270983219,0.03340979665517807,0.8830392956733704,seed44,0.6498849051339286,field_sorting,value_normalization
0.3789636492729187,field_sorting_value_normalization,0.02581787109375,base_model.model.model.layers.5.self_attn.k_proj,0.02983996830880642,0.029337599873542786,0.9831646084785461,seed44,0.6232561383928571,field_sorting,value_normalization
0.4054645299911499,field_sorting_value_normalization,0.02580790617028061,base_model.model.model.layers.5.self_attn.o_proj,0.08191230893135071,0.08719382435083389,0.9394278526306152,seed44,0.6377414002710459,field_sorting,value_normalization
0.41026878356933594,field_sorting_value_normalization,0.030652104591836735,base_model.model.model.layers.5.self_attn.q_proj,0.07856867462396622,0.08541221916675568,0.9198762774467468,seed44,0.6333393953284439,field_sorting,value_normalization
0.36669501662254333,field_sorting_value_normalization,0.03345598493303571,base_model.model.model.layers.5.self_attn.v_proj,0.02981637604534626,0.0315050445497036,0.9464000463485718,seed44,0.6233956473214286,field_sorting,value_normalization
0.15751998126506805,field_sorting_value_normalization,0.022835867745535716,base_model.model.model.layers.6.self_attn.k_proj,0.029745254665613174,0.03096718341112137,0.9605411887168884,seed44,0.5598057338169643,field_sorting,value_normalization
0.45090001821517944,field_sorting_value_normalization,0.029719138632015307,base_model.model.model.layers.6.self_attn.o_proj,0.07875753939151764,0.08730413019657135,0.9021055102348328,seed44,0.6478084642059949,field_sorting,value_normalization
0.3417891561985016,field_sorting_value_normalization,0.0205264967315051,base_model.model.model.layers.6.self_attn.q_proj,0.08466451615095139,0.08150352537631989,0.9626645445823669,seed44,0.6193498883928571,field_sorting,value_normalization
0.42096126079559326,field_sorting_value_normalization,0.028826032366071428,base_model.model.model.layers.6.self_attn.v_proj,0.029382435604929924,0.031490739434957504,0.9330500364303589,seed44,0.6387067522321429,field_sorting,value_normalization
0.29046860337257385,field_sorting_value_normalization,0.020682198660714284,base_model.model.model.layers.7.self_attn.k_proj,0.030258428305387497,0.031639304012060165,0.9563556909561157,seed44,0.5986415318080357,field_sorting,value_normalization
0.45629897713661194,field_sorting_value_normalization,0.024169921875,base_model.model.model.layers.7.self_attn.o_proj,0.0824924111366272,0.08873353898525238,0.9296643733978271,seed44,0.6563309650031888,field_sorting,value_normalization
0.2543801963329315,field_sorting_value_normalization,0.023289271763392856,base_model.model.model.layers.7.self_attn.q_proj,0.08206892013549805,0.07967865467071533,0.9708749055862427,seed44,0.583984375,field_sorting,value_normalization
0.43689998984336853,field_sorting_value_normalization,0.0322265625,base_model.model.model.layers.7.self_attn.v_proj,0.03122636117041111,0.03191961348056793,0.9782813191413879,seed44,0.6397530691964286,field_sorting,value_normalization
0.2850978374481201,field_sorting_value_normalization,0.01947021484375,base_model.model.model.layers.8.self_attn.k_proj,0.03210879862308502,0.03085704706609249,0.9610152840614319,seed44,0.6010044642857143,field_sorting,value_normalization
0.4308335781097412,field_sorting_value_normalization,0.02804378587372449,base_model.model.model.layers.8.self_attn.o_proj,0.08272775262594223,0.08571415394544601,0.9651585817337036,seed44,0.6431735291772959,field_sorting,value_normalization
0.3169027268886566,field_sorting_value_normalization,0.0284000318877551,base_model.model.model.layers.8.self_attn.q_proj,0.08451364189386368,0.08644251525402069,0.9776860475540161,seed44,0.6065860670440051,field_sorting,value_normalization
0.4726475775241852,field_sorting_value_normalization,0.03227015904017857,base_model.model.model.layers.8.self_attn.v_proj,0.028284180909395218,0.03221657872200012,0.8779386878013611,seed44,0.6622401646205357,field_sorting,value_normalization
0.3398771286010742,field_sorting_value_normalization,0.024989536830357144,base_model.model.model.layers.9.self_attn.k_proj,0.03100624494254589,0.02911549061536789,0.9390202164649963,seed44,0.6162894112723214,field_sorting,value_normalization
0.4529971480369568,field_sorting_value_normalization,0.029284418845663265,base_model.model.model.layers.9.self_attn.o_proj,0.08079179376363754,0.08419230580329895,0.9596101641654968,seed44,0.6493206413424745,field_sorting,value_normalization
0.25899672508239746,field_sorting_value_normalization,0.01711226482780612,base_model.model.model.layers.9.self_attn.q_proj,0.08189622312784195,0.07526400685310364,0.9190168380737305,seed44,0.5924744897959183,field_sorting,value_normalization
0.3210466802120209,field_sorting_value_normalization,0.020281110491071428,base_model.model.model.layers.9.self_attn.v_proj,0.031923774629831314,0.03183921054005623,0.9973510503768921,seed44,0.6156093052455357,field_sorting,value_normalization
0.3951142132282257,field_sorting_value_selection,0.021990094866071428,base_model.model.model.layers.0.self_attn.k_proj,0.027977997437119484,0.025549711659550667,0.9132072925567627,seed42,0.6292637416294643,field_sorting,value_selection
0.2742234468460083,field_sorting_value_selection,0.022523218271683673,base_model.model.model.layers.0.self_attn.o_proj,0.08238508552312851,0.07737521082162857,0.9391895532608032,seed42,0.58685302734375,field_sorting,value_selection
0.3389020264148712,field_sorting_value_selection,0.02335404376594388,base_model.model.model.layers.0.self_attn.q_proj,0.07869421690702438,0.07712728530168533,0.9800883531570435,seed42,0.6153763751594388,field_sorting,value_selection
0.18895785510540009,field_sorting_value_selection,0.015904017857142856,base_model.model.model.layers.0.self_attn.v_proj,0.03014618530869484,0.028889691457152367,0.9583199620246887,seed42,0.5638514927455357,field_sorting,value_selection
0.23153439164161682,field_sorting_value_selection,0.019121442522321428,base_model.model.model.layers.1.self_attn.k_proj,0.031472545117139816,0.03149250149726868,0.9993663430213928,seed42,0.5867745535714286,field_sorting,value_selection
0.21290211379528046,field_sorting_value_selection,0.024248395647321428,base_model.model.model.layers.1.self_attn.o_proj,0.08191671222448349,0.07987546920776367,0.9750815033912659,seed42,0.5715805365114796,field_sorting,value_selection
0.2352890968322754,field_sorting_value_selection,0.018416424186862245,base_model.model.model.layers.1.self_attn.q_proj,0.08258473128080368,0.08403047919273376,0.9827949404716492,seed42,0.5782383510044643,field_sorting,value_selection
0.18221421539783478,field_sorting_value_selection,0.018092564174107144,base_model.model.model.layers.1.self_attn.v_proj,0.03226696327328682,0.031227877363562584,0.9677972197532654,seed42,0.5635201590401786,field_sorting,value_selection
0.19840364158153534,field_sorting_value_selection,0.016636439732142856,base_model.model.model.layers.10.self_attn.k_proj,0.029817163944244385,0.03355195000767708,0.88868647813797,seed42,0.5769740513392857,field_sorting,value_selection
0.22410224378108978,field_sorting_value_selection,0.021087023676658163,base_model.model.model.layers.10.self_attn.o_proj,0.08299372345209122,0.08016513288021088,0.9659180045127869,seed42,0.5670689174107143,field_sorting,value_selection
0.0012585209915414453,field_sorting_value_selection,0.01752082669005102,base_model.model.model.layers.10.self_attn.q_proj,0.08085466921329498,0.09001988172531128,0.8981868028640747,seed42,0.5090020627391582,field_sorting,value_selection
0.25798484683036804,field_sorting_value_selection,0.023629324776785716,base_model.model.model.layers.10.self_attn.v_proj,0.0303311999887228,0.03086193837225437,0.9828028082847595,seed42,0.601318359375,field_sorting,value_selection
0.2546638548374176,field_sorting_value_selection,0.019784109933035716,base_model.model.model.layers.11.self_attn.k_proj,0.03105037845671177,0.034231312572956085,0.9070752859115601,seed42,0.5787091936383929,field_sorting,value_selection
0.14208365976810455,field_sorting_value_selection,0.021637585698341837,base_model.model.model.layers.11.self_attn.o_proj,0.08787336200475693,0.08564924448728561,0.9746895432472229,seed42,0.5466682278380102,field_sorting,value_selection
0.03267160430550575,field_sorting_value_selection,0.018261967873086735,base_model.model.model.layers.11.self_attn.q_proj,0.07209472358226776,0.09200923144817352,0.7835596799850464,seed42,0.5018833705357143,field_sorting,value_selection
0.4369390606880188,field_sorting_value_selection,0.035984584263392856,base_model.model.model.layers.11.self_attn.v_proj,0.033339258283376694,0.032802119851112366,0.9838886857032776,seed42,0.6405203683035714,field_sorting,value_selection
0.14719034731388092,field_sorting_value_selection,0.017996651785714284,base_model.model.model.layers.12.self_attn.k_proj,0.03255567327141762,0.030922217294573784,0.9498257637023926,seed42,0.5428292410714286,field_sorting,value_selection
0.07546230405569077,field_sorting_value_selection,0.017096071827168366,base_model.model.model.layers.12.self_attn.o_proj,0.08789476752281189,0.07811854779720306,0.8887735605239868,seed42,0.5248662209024235,field_sorting,value_selection
0.12853384017944336,field_sorting_value_selection,0.017203194754464284,base_model.model.model.layers.12.self_attn.q_proj,0.08505663275718689,0.08509852737188339,0.9995076656341553,seed42,0.5443501375159439,field_sorting,value_selection
0.12985959649085999,field_sorting_value_selection,0.018668038504464284,base_model.model.model.layers.12.self_attn.v_proj,0.033302512019872665,0.030044155195355415,0.9021588563919067,seed42,0.5365862165178571,field_sorting,value_selection
0.043213315308094025,field_sorting_value_selection,0.013811383928571428,base_model.model.model.layers.13.self_attn.k_proj,0.03233317285776138,0.02962370589375496,0.916201651096344,seed42,0.5241524832589286,field_sorting,value_selection
0.10038556158542633,field_sorting_value_selection,0.01551414022640306,base_model.model.model.layers.13.self_attn.o_proj,0.09304948151111603,0.0790577307343483,0.8496310710906982,seed42,0.5373124103156888,field_sorting,value_selection
0.08656052500009537,field_sorting_value_selection,0.01861198580994898,base_model.model.model.layers.13.self_attn.q_proj,0.08386001735925674,0.07723622769117355,0.9210137128829956,seed42,0.5250393614477041,field_sorting,value_selection
0.170151948928833,field_sorting_value_selection,0.023489815848214284,base_model.model.model.layers.13.self_attn.v_proj,0.03187568485736847,0.030497165396809578,0.9567532539367676,seed42,0.5586896623883929,field_sorting,value_selection
0.16772376000881195,field_sorting_value_selection,0.016758510044642856,base_model.model.model.layers.14.self_attn.k_proj,0.03002368099987507,0.03148074448108673,0.9537157416343689,seed42,0.5593000139508929,field_sorting,value_selection
0.15573662519454956,field_sorting_value_selection,0.017529545998086735,base_model.model.model.layers.14.self_attn.o_proj,0.09284614771604538,0.07221971452236176,0.7778428792953491,seed42,0.5482675980548469,field_sorting,value_selection
0.09538502246141434,field_sorting_value_selection,0.017669054926658163,base_model.model.model.layers.14.self_attn.q_proj,0.0843280777335167,0.0768887996673584,0.9117817282676697,seed42,0.5349432497608418,field_sorting,value_selection
0.12888701260089874,field_sorting_value_selection,0.018319266183035716,base_model.model.model.layers.14.self_attn.v_proj,0.03230880945920944,0.027711208909749985,0.8576982617378235,seed42,0.5425851004464286,field_sorting,value_selection
0.12158644199371338,field_sorting_value_selection,0.014561244419642858,base_model.model.model.layers.15.self_attn.k_proj,0.03379114717245102,0.033531252294778824,0.9923087954521179,seed42,0.5451485770089286,field_sorting,value_selection
0.19521483778953552,field_sorting_value_selection,0.02007060148278061,base_model.model.model.layers.15.self_attn.o_proj,0.09254943579435349,0.07230210304260254,0.7812268137931824,seed42,0.5551595882493623,field_sorting,value_selection
0.018399370834231377,field_sorting_value_selection,0.016438386878188774,base_model.model.model.layers.15.self_attn.q_proj,0.09445418417453766,0.07777147740125656,0.823377788066864,seed42,0.5155951052295918,field_sorting,value_selection
0.20634087920188904,field_sorting_value_selection,0.025137765066964284,base_model.model.model.layers.15.self_attn.v_proj,0.0336274579167366,0.028816012665629387,0.8569191694259644,seed42,0.5539812360491071,field_sorting,value_selection
0.20101848244667053,field_sorting_value_selection,0.0189208984375,base_model.model.model.layers.16.self_attn.k_proj,0.03245895728468895,0.030943118035793304,0.9532998204231262,seed42,0.5680280412946429,field_sorting,value_selection
0.11919225007295609,field_sorting_value_selection,0.012543347417091837,base_model.model.model.layers.16.self_attn.o_proj,0.1064714565873146,0.0811181515455246,0.7618770003318787,seed42,0.5382877272002551,field_sorting,value_selection
0.2239673137664795,field_sorting_value_selection,0.02046919842155612,base_model.model.model.layers.16.self_attn.q_proj,0.0850190743803978,0.07855292409658432,0.9239447116851807,seed42,0.5718259227519132,field_sorting,value_selection
0.15131275355815887,field_sorting_value_selection,0.024553571428571428,base_model.model.model.layers.16.self_attn.v_proj,0.0354703851044178,0.029941776767373085,0.844134509563446,seed42,0.5408150809151786,field_sorting,value_selection
0.1087913066148758,field_sorting_value_selection,0.012294224330357142,base_model.model.model.layers.17.self_attn.k_proj,0.036002278327941895,0.031042227521538734,0.8622295260429382,seed42,0.5423932756696429,field_sorting,value_selection
0.13222567737102509,field_sorting_value_selection,0.01584671954719388,base_model.model.model.layers.17.self_attn.o_proj,0.09779567271471024,0.07689107209444046,0.7862420678138733,seed42,0.5432378029336735,field_sorting,value_selection
0.1521073281764984,field_sorting_value_selection,0.018164809869260203,base_model.model.model.layers.17.self_attn.q_proj,0.09110570698976517,0.08112673461437225,0.890468180179596,seed42,0.5471079300860969,field_sorting,value_selection
0.1018744707107544,field_sorting_value_selection,0.0181884765625,base_model.model.model.layers.17.self_attn.v_proj,0.03951835259795189,0.027545563876628876,0.6970322132110596,seed42,0.5267769949776786,field_sorting,value_selection
0.1912929266691208,field_sorting_value_selection,0.018519810267857144,base_model.model.model.layers.18.self_attn.k_proj,0.0427066832780838,0.030255891382694244,0.7084580063819885,seed42,0.5700857979910714,field_sorting,value_selection
0.15487657487392426,field_sorting_value_selection,0.017796107700892856,base_model.model.model.layers.18.self_attn.o_proj,0.09606579691171646,0.07594068348407745,0.7905069589614868,seed42,0.5487359494579082,field_sorting,value_selection
0.17480261623859406,field_sorting_value_selection,0.018438845264668366,base_model.model.model.layers.18.self_attn.q_proj,0.10475533455610275,0.08095242083072662,0.7727761268615723,seed42,0.5654595822704082,field_sorting,value_selection
0.18364542722702026,field_sorting_value_selection,0.023638044084821428,base_model.model.model.layers.18.self_attn.v_proj,0.03459175303578377,0.030351055786013603,0.8774072527885437,seed42,0.5652291434151786,field_sorting,value_selection
0.23466484248638153,field_sorting_value_selection,0.022696358816964284,base_model.model.model.layers.19.self_attn.k_proj,0.03361450880765915,0.030821794643998146,0.9169194102287292,seed42,0.5707571847098214,field_sorting,value_selection
0.18215881288051605,field_sorting_value_selection,0.02054019850127551,base_model.model.model.layers.19.self_attn.o_proj,0.09401469677686691,0.07459872215986252,0.7934793829917908,seed42,0.5534892179528061,field_sorting,value_selection
0.1931608021259308,field_sorting_value_selection,0.016140684789540817,base_model.model.model.layers.19.self_attn.q_proj,0.11095597594976425,0.07686275988817215,0.692732036113739,seed42,0.5692138671875,field_sorting,value_selection
0.2361101508140564,field_sorting_value_selection,0.018450055803571428,base_model.model.model.layers.19.self_attn.v_proj,0.04186353087425232,0.027875058352947235,0.6658554077148438,seed42,0.5770525251116071,field_sorting,value_selection
0.2832892835140228,field_sorting_value_selection,0.025774274553571428,base_model.model.model.layers.2.self_attn.k_proj,0.03264433890581131,0.031144453212618828,0.9540536999702454,seed42,0.5805402483258929,field_sorting,value_selection
0.22143469750881195,field_sorting_value_selection,0.016392299107142856,base_model.model.model.layers.2.self_attn.o_proj,0.08134486526250839,0.08330807834863663,0.9764342904090881,seed42,0.5738774513711735,field_sorting,value_selection
0.24896088242530823,field_sorting_value_selection,0.01744858099489796,base_model.model.model.layers.2.self_attn.q_proj,0.07971017807722092,0.08008462935686111,0.9953243136405945,seed42,0.5812240911989796,field_sorting,value_selection
0.20002733170986176,field_sorting_value_selection,0.015398297991071428,base_model.model.model.layers.2.self_attn.v_proj,0.029357578605413437,0.029982972890138626,0.9791417121887207,seed42,0.5694580078125,field_sorting,value_selection
0.2461572289466858,field_sorting_value_selection,0.018458775111607144,base_model.model.model.layers.20.self_attn.k_proj,0.03527405112981796,0.03248636797070503,0.9209707379341125,seed42,0.5780814034598214,field_sorting,value_selection
0.18850025534629822,field_sorting_value_selection,0.018266950334821428,base_model.model.model.layers.20.self_attn.o_proj,0.0902894139289856,0.062275439500808716,0.6897313594818115,seed42,0.5593461017219388,field_sorting,value_selection
0.11470705270767212,field_sorting_value_selection,0.025176379145408163,base_model.model.model.layers.20.self_attn.q_proj,0.10035684704780579,0.08597704023122787,0.8567132353782654,seed42,0.5486387914540817,field_sorting,value_selection
0.046555858105421066,field_sorting_value_selection,0.01422119140625,base_model.model.model.layers.20.self_attn.v_proj,0.03450826182961464,0.027682926505804062,0.802211582660675,seed42,0.5194614955357143,field_sorting,value_selection
0.15993590652942657,field_sorting_value_selection,0.015084402901785714,base_model.model.model.layers.21.self_attn.k_proj,0.031147561967372894,0.029156634584069252,0.936080813407898,seed42,0.5576520647321429,field_sorting,value_selection
0.14841115474700928,field_sorting_value_selection,0.016276456871811226,base_model.model.model.layers.21.self_attn.o_proj,0.08612610399723053,0.06366448104381561,0.73920077085495,seed42,0.5448832609215561,field_sorting,value_selection
0.05261457338929176,field_sorting_value_selection,0.011033661511479591,base_model.model.model.layers.21.self_attn.q_proj,0.09066303819417953,0.08304984867572784,0.9160276651382446,seed42,0.5170686682876275,field_sorting,value_selection
0.21005882322788239,field_sorting_value_selection,0.019452776227678572,base_model.model.model.layers.21.self_attn.v_proj,0.03454684838652611,0.025762362405657768,0.7457225322723389,seed42,0.5689871651785714,field_sorting,value_selection
-0.01285441592335701,field_sorting_value_selection,0.016444614955357144,base_model.model.model.layers.22.self_attn.k_proj,0.04051734507083893,0.025071173906326294,0.6187763214111328,seed42,0.48556954520089285,field_sorting,value_selection
0.13505864143371582,field_sorting_value_selection,0.011438486527423469,base_model.model.model.layers.22.self_attn.o_proj,0.09712261706590652,0.057381875813007355,0.5908188819885254,seed42,0.5484531947544643,field_sorting,value_selection
0.08588766306638718,field_sorting_value_selection,0.021626375159438774,base_model.model.model.layers.22.self_attn.q_proj,0.0963234081864357,0.07279842346906662,0.7557708621025085,seed42,0.5274197325414541,field_sorting,value_selection
0.08719833940267563,field_sorting_value_selection,0.010471888950892858,base_model.model.model.layers.22.self_attn.v_proj,0.035447701811790466,0.023296071216464043,0.657195508480072,seed42,0.5240652901785714,field_sorting,value_selection
0.09694278985261917,field_sorting_value_selection,0.013593401227678572,base_model.model.model.layers.23.self_attn.k_proj,0.040361642837524414,0.02611682564020157,0.6470704078674316,seed42,0.5391758510044643,field_sorting,value_selection
0.06688987463712692,field_sorting_value_selection,0.010966398278061224,base_model.model.model.layers.23.self_attn.o_proj,0.09863803535699844,0.06246355175971985,0.6332603096961975,seed42,0.5255214146205357,field_sorting,value_selection
0.1745850145816803,field_sorting_value_selection,0.0188785475127551,base_model.model.model.layers.23.self_attn.q_proj,0.10679198801517487,0.07259566336870193,0.6797856688499451,seed42,0.5504399513711735,field_sorting,value_selection
-0.15322484076023102,field_sorting_value_selection,0.021554129464285716,base_model.model.model.layers.23.self_attn.v_proj,0.03796122223138809,0.025350378826260567,0.6677966713905334,seed42,0.4746616908482143,field_sorting,value_selection
0.3449496626853943,field_sorting_value_selection,0.020699637276785716,base_model.model.model.layers.3.self_attn.k_proj,0.03204571455717087,0.03389322757720947,0.9454901814460754,seed42,0.6229596819196429,field_sorting,value_selection
0.19789563119411469,field_sorting_value_selection,0.01878886320153061,base_model.model.model.layers.3.self_attn.o_proj,0.08175933361053467,0.08205465972423553,0.9964008331298828,seed42,0.5671947245695153,field_sorting,value_selection
0.22111822664737701,field_sorting_value_selection,0.016879334741709183,base_model.model.model.layers.3.self_attn.q_proj,0.0805727168917656,0.08776850998401642,0.9180139303207397,seed42,0.5735785036670918,field_sorting,value_selection
0.3203163743019104,field_sorting_value_selection,0.030787876674107144,base_model.model.model.layers.3.self_attn.v_proj,0.029238983988761902,0.03071131929755211,0.9520588517189026,seed42,0.6087995256696429,field_sorting,value_selection
0.015521409921348095,field_sorting_value_selection,0.02154541015625,base_model.model.model.layers.4.self_attn.k_proj,0.028827013447880745,0.0344984196126461,0.8356038928031921,seed42,0.5302995954241071,field_sorting,value_selection
0.19138368964195251,field_sorting_value_selection,0.019064144212372448,base_model.model.model.layers.4.self_attn.o_proj,0.08307591080665588,0.0835065096616745,0.9948435425758362,seed42,0.56622314453125,field_sorting,value_selection
0.23274613916873932,field_sorting_value_selection,0.018032774633290817,base_model.model.model.layers.4.self_attn.q_proj,0.0786481574177742,0.0844857394695282,0.9309045076370239,seed42,0.5813723194355868,field_sorting,value_selection
0.35490623116493225,field_sorting_value_selection,0.03242710658482143,base_model.model.model.layers.4.self_attn.v_proj,0.029874315485358238,0.0318518802523613,0.937913715839386,seed42,0.614990234375,field_sorting,value_selection
-0.03258165344595909,field_sorting_value_selection,0.018467494419642856,base_model.model.model.layers.5.self_attn.k_proj,0.029582103714346886,0.029866231605410576,0.9904866218566895,seed42,0.48991176060267855,field_sorting,value_selection
0.20706434547901154,field_sorting_value_selection,0.0209774095184949,base_model.model.model.layers.5.self_attn.o_proj,0.08211351931095123,0.07942940294742584,0.9673120975494385,seed42,0.5664797413105868,field_sorting,value_selection
0.233841672539711,field_sorting_value_selection,0.020115443638392856,base_model.model.model.layers.5.self_attn.q_proj,0.08103235065937042,0.08400745689868927,0.9645851850509644,seed42,0.5713986766581632,field_sorting,value_selection
0.12510782480239868,field_sorting_value_selection,0.018467494419642856,base_model.model.model.layers.5.self_attn.v_proj,0.030748387798666954,0.030705509707331657,0.998605489730835,seed42,0.5432303292410714,field_sorting,value_selection
0.18104135990142822,field_sorting_value_selection,0.020028250558035716,base_model.model.model.layers.6.self_attn.k_proj,0.028229529038071632,0.03020666353404522,0.9345464110374451,seed42,0.55670166015625,field_sorting,value_selection
0.18176569044589996,field_sorting_value_selection,0.016014877630739797,base_model.model.model.layers.6.self_attn.o_proj,0.078736312687397,0.07968377321958542,0.9881097674369812,seed42,0.5569694674744898,field_sorting,value_selection
0.23944556713104248,field_sorting_value_selection,0.02071583027742347,base_model.model.model.layers.6.self_attn.q_proj,0.08012153208255768,0.08719025552272797,0.9189276099205017,seed42,0.5831797074298469,field_sorting,value_selection
0.1725095510482788,field_sorting_value_selection,0.019095284598214284,base_model.model.model.layers.6.self_attn.v_proj,0.028650732710957527,0.030270496383309364,0.9464903473854065,seed42,0.5555681501116071,field_sorting,value_selection
0.016593346372246742,field_sorting_value_selection,0.014203752790178572,base_model.model.model.layers.7.self_attn.k_proj,0.027817722409963608,0.03325468674302101,0.8365052938461304,seed42,0.5018746512276786,field_sorting,value_selection
0.1635650247335434,field_sorting_value_selection,0.014692034040178572,base_model.model.model.layers.7.self_attn.o_proj,0.08166179060935974,0.08324148505926132,0.9810227751731873,seed42,0.5545156050701531,field_sorting,value_selection
0.0715700089931488,field_sorting_value_selection,0.017397510762117346,base_model.model.model.layers.7.self_attn.q_proj,0.07782351225614548,0.08428122848272324,0.9233789443969727,seed42,0.5238734654017857,field_sorting,value_selection
0.1485975980758667,field_sorting_value_selection,0.017586844308035716,base_model.model.model.layers.7.self_attn.v_proj,0.029838070273399353,0.029980702325701714,0.9952425360679626,seed42,0.5585065569196429,field_sorting,value_selection
0.09835644066333771,field_sorting_value_selection,0.019034249441964284,base_model.model.model.layers.8.self_attn.k_proj,0.033783163875341415,0.02933027409017086,0.8681920170783997,seed42,0.52960205078125,field_sorting,value_selection
0.1569821983575821,field_sorting_value_selection,0.0157894212372449,base_model.model.model.layers.8.self_attn.o_proj,0.08545884490013123,0.0839979276061058,0.9829050302505493,seed42,0.5546003069196429,field_sorting,value_selection
0.09589216858148575,field_sorting_value_selection,0.01909653021364796,base_model.model.model.layers.8.self_attn.q_proj,0.07879941910505295,0.07647497206926346,0.970501720905304,seed42,0.5359023736447704,field_sorting,value_selection
0.2441059648990631,field_sorting_value_selection,0.016514369419642856,base_model.model.model.layers.8.self_attn.v_proj,0.029218291863799095,0.029966792091727257,0.9750223159790039,seed42,0.5852312360491071,field_sorting,value_selection
0.09078159183263779,field_sorting_value_selection,0.011893136160714286,base_model.model.model.layers.9.self_attn.k_proj,0.03163905441761017,0.0363558754324913,0.8702597618103027,seed42,0.5304478236607143,field_sorting,value_selection
0.13386616110801697,field_sorting_value_selection,0.01765410754145408,base_model.model.model.layers.9.self_attn.o_proj,0.08364509791135788,0.08347289264202118,0.997941255569458,seed42,0.5494347397161989,field_sorting,value_selection
0.0754055306315422,field_sorting_value_selection,0.0161319654815051,base_model.model.model.layers.9.self_attn.q_proj,0.08093425631523132,0.09349286556243896,0.8656730651855469,seed42,0.5257369060905612,field_sorting,value_selection
0.189439058303833,field_sorting_value_selection,0.018729073660714284,base_model.model.model.layers.9.self_attn.v_proj,0.028377488255500793,0.03192766755819321,0.8888055682182312,seed42,0.5628574916294643,field_sorting,value_selection
0.6257226467132568,field_sorting_value_selection,0.04038783482142857,base_model.model.model.layers.0.self_attn.k_proj,0.030491918325424194,0.028133681043982506,0.922660231590271,seed43,0.70123291015625,field_sorting,value_selection
0.23444510996341705,field_sorting_value_selection,0.023385184151785716,base_model.model.model.layers.0.self_attn.o_proj,0.08664262294769287,0.07563472539186478,0.872950553894043,seed43,0.5787988779496174,field_sorting,value_selection
0.31734204292297363,field_sorting_value_selection,0.026598871970663265,base_model.model.model.layers.0.self_attn.q_proj,0.08521630614995956,0.07753795385360718,0.9098957180976868,seed43,0.6111637037627551,field_sorting,value_selection
0.23698584735393524,field_sorting_value_selection,0.020586286272321428,base_model.model.model.layers.0.self_attn.v_proj,0.02938815765082836,0.027628548443317413,0.9401252269744873,seed43,0.5822666713169643,field_sorting,value_selection
0.18115906417369843,field_sorting_value_selection,0.014090401785714286,base_model.model.model.layers.1.self_attn.k_proj,0.031602248549461365,0.03057372197508812,0.9674540162086487,seed43,0.5576259068080357,field_sorting,value_selection
0.2145320177078247,field_sorting_value_selection,0.02610934510522959,base_model.model.model.layers.1.self_attn.o_proj,0.0824320986866951,0.07565295696258545,0.9177609086036682,seed43,0.5794216856664541,field_sorting,value_selection
0.16189545392990112,field_sorting_value_selection,0.017490931919642856,base_model.model.model.layers.1.self_attn.q_proj,0.08354039490222931,0.082694411277771,0.9898733496665955,seed43,0.5558857820471939,field_sorting,value_selection
0.19741563498973846,field_sorting_value_selection,0.020411900111607144,base_model.model.model.layers.1.self_attn.v_proj,0.031012125313282013,0.029691219329833984,0.9574068188667297,seed43,0.5599016462053571,field_sorting,value_selection
0.10869944840669632,field_sorting_value_selection,0.013514927455357142,base_model.model.model.layers.10.self_attn.k_proj,0.02960185520350933,0.030491681769490242,0.9708173871040344,seed43,0.5419224330357143,field_sorting,value_selection
0.09740787744522095,field_sorting_value_selection,0.013088926977040817,base_model.model.model.layers.10.self_attn.o_proj,0.08127926290035248,0.07736784964799881,0.9518768787384033,seed43,0.5359335140306123,field_sorting,value_selection
0.03471700847148895,field_sorting_value_selection,0.015561473612882654,base_model.model.model.layers.10.self_attn.q_proj,0.07982100546360016,0.08780957758426666,0.9090238809585571,seed43,0.5183080556441326,field_sorting,value_selection
0.26520970463752747,field_sorting_value_selection,0.023097446986607144,base_model.model.model.layers.10.self_attn.v_proj,0.030119700357317924,0.02921857126057148,0.9700817465782166,seed43,0.5939156668526786,field_sorting,value_selection
0.15820766985416412,field_sorting_value_selection,0.015537806919642858,base_model.model.model.layers.11.self_attn.k_proj,0.029192360118031502,0.03463323786854744,0.8429000973701477,seed43,0.5523332868303571,field_sorting,value_selection
0.15747423470020294,field_sorting_value_selection,0.022777323820153062,base_model.model.model.layers.11.self_attn.o_proj,0.08363355696201324,0.07688390463590622,0.9192949533462524,seed43,0.5502506178252551,field_sorting,value_selection
-0.008921179920434952,field_sorting_value_selection,0.015734614158163265,base_model.model.model.layers.11.self_attn.q_proj,0.07678200304508209,0.0887802317738533,0.8648547530174255,seed43,0.49497767857142855,field_sorting,value_selection
0.3617837727069855,field_sorting_value_selection,0.03284563337053571,base_model.model.model.layers.11.self_attn.v_proj,0.03269757702946663,0.030369998887181282,0.9288149476051331,seed43,0.6160539899553571,field_sorting,value_selection
0.16803619265556335,field_sorting_value_selection,0.018467494419642856,base_model.model.model.layers.12.self_attn.k_proj,0.033174484968185425,0.0317077711224556,0.9557878971099854,seed43,0.5483747209821429,field_sorting,value_selection
0.07155948132276535,field_sorting_value_selection,0.018781389508928572,base_model.model.model.layers.12.self_attn.o_proj,0.08726099133491516,0.0760006383061409,0.8709577918052673,seed43,0.5181398975605868,field_sorting,value_selection
0.09431549906730652,field_sorting_value_selection,0.017781160315688774,base_model.model.model.layers.12.self_attn.q_proj,0.09258484095335007,0.08444787561893463,0.9121134281158447,seed43,0.5261043626434949,field_sorting,value_selection
0.14620012044906616,field_sorting_value_selection,0.023873465401785716,base_model.model.model.layers.12.self_attn.v_proj,0.03278731554746628,0.029314802959561348,0.8940897583961487,seed43,0.5379987444196429,field_sorting,value_selection
0.046999599784612656,field_sorting_value_selection,0.015982491629464284,base_model.model.model.layers.13.self_attn.k_proj,0.029231011867523193,0.02827330119907856,0.9672364592552185,seed43,0.5137067522321429,field_sorting,value_selection
0.1800236999988556,field_sorting_value_selection,0.017209422831632654,base_model.model.model.layers.13.self_attn.o_proj,0.08546876162290573,0.0758638083934784,0.8876203298568726,seed43,0.5576084681919643,field_sorting,value_selection
0.10603980720043182,field_sorting_value_selection,0.025486537388392856,base_model.model.model.layers.13.self_attn.q_proj,0.07634852826595306,0.08007771521806717,0.9534304141998291,seed43,0.5291723134566326,field_sorting,value_selection
0.12232039868831635,field_sorting_value_selection,0.023062569754464284,base_model.model.model.layers.13.self_attn.v_proj,0.03360212594270706,0.029179848730564117,0.8683929443359375,seed43,0.53564453125,field_sorting,value_selection
0.025865862146019936,field_sorting_value_selection,0.014944893973214286,base_model.model.model.layers.14.self_attn.k_proj,0.030010191723704338,0.027669023722410202,0.9219875931739807,seed43,0.5028773716517857,field_sorting,value_selection
0.15690720081329346,field_sorting_value_selection,0.02021758410395408,base_model.model.model.layers.14.self_attn.o_proj,0.08728808909654617,0.06941314786672592,0.7952190041542053,seed43,0.5415213448660714,field_sorting,value_selection
0.04566364735364914,field_sorting_value_selection,0.013594646843112245,base_model.model.model.layers.14.self_attn.q_proj,0.08397455513477325,0.07556585222482681,0.8998660445213318,seed43,0.5198189871651786,field_sorting,value_selection
0.15494988858699799,field_sorting_value_selection,0.019034249441964284,base_model.model.model.layers.14.self_attn.v_proj,0.03129662945866585,0.02838684245944023,0.9070255756378174,seed43,0.5439889090401786,field_sorting,value_selection
0.1331184059381485,field_sorting_value_selection,0.018851143973214284,base_model.model.model.layers.15.self_attn.k_proj,0.03724873811006546,0.030387889593839645,0.8158099055290222,seed43,0.5497785295758929,field_sorting,value_selection
0.10240475088357925,field_sorting_value_selection,0.0195499342315051,base_model.model.model.layers.15.self_attn.o_proj,0.0913967564702034,0.07344949245452881,0.803633451461792,seed43,0.5315638950892857,field_sorting,value_selection
0.07712759077548981,field_sorting_value_selection,0.014288454639668368,base_model.model.model.layers.15.self_attn.q_proj,0.09624102711677551,0.08123831450939178,0.8441131114959717,seed43,0.5307156309789541,field_sorting,value_selection
0.15103000402450562,field_sorting_value_selection,0.023332868303571428,base_model.model.model.layers.15.self_attn.v_proj,0.033468712121248245,0.030290404334664345,0.905036449432373,seed43,0.5410853794642857,field_sorting,value_selection
0.1980237066745758,field_sorting_value_selection,0.018641880580357144,base_model.model.model.layers.16.self_attn.k_proj,0.02983645349740982,0.033441465348005295,0.8921993374824524,seed43,0.5728410993303571,field_sorting,value_selection
0.16303755342960358,field_sorting_value_selection,0.01827816087372449,base_model.model.model.layers.16.self_attn.o_proj,0.09148501604795456,0.07767409831285477,0.8490362763404846,seed43,0.5504324776785714,field_sorting,value_selection
0.08332215249538422,field_sorting_value_selection,0.017853406010841837,base_model.model.model.layers.16.self_attn.q_proj,0.08736024051904678,0.078640416264534,0.9001854658126831,seed43,0.5232954998405612,field_sorting,value_selection
0.087275430560112,field_sorting_value_selection,0.023149762834821428,base_model.model.model.layers.16.self_attn.v_proj,0.030840612947940826,0.026818566024303436,0.8695860505104065,seed43,0.5217023577008929,field_sorting,value_selection
0.10918513685464859,field_sorting_value_selection,0.013009207589285714,base_model.model.model.layers.17.self_attn.k_proj,0.036331430077552795,0.027493128553032875,0.7567312717437744,seed43,0.5305524553571429,field_sorting,value_selection
0.15793171525001526,field_sorting_value_selection,0.021813217474489797,base_model.model.model.layers.17.self_attn.o_proj,0.09235874563455582,0.07466185092926025,0.8083896040916443,seed43,0.5474554567920918,field_sorting,value_selection
0.06606315821409225,field_sorting_value_selection,0.01722561583227041,base_model.model.model.layers.17.self_attn.q_proj,0.08820363879203796,0.0814995989203453,0.9239935874938965,seed43,0.5233752192283163,field_sorting,value_selection
0.12914344668388367,field_sorting_value_selection,0.020429338727678572,base_model.model.model.layers.17.self_attn.v_proj,0.03646233305335045,0.026118576526641846,0.7163166403770447,seed43,0.5414515904017857,field_sorting,value_selection
0.27305325865745544,field_sorting_value_selection,0.018755231584821428,base_model.model.model.layers.18.self_attn.k_proj,0.039685700088739395,0.028135448694229126,0.7089568376541138,seed43,0.5855451311383929,field_sorting,value_selection
0.12658067047595978,field_sorting_value_selection,0.01731156329719388,base_model.model.model.layers.18.self_attn.o_proj,0.09297666698694229,0.07619503885507584,0.8195071220397949,seed43,0.5414042570153061,field_sorting,value_selection
0.19300472736358643,field_sorting_value_selection,0.0194091796875,base_model.model.model.layers.18.self_attn.q_proj,0.09624610096216202,0.08349958062171936,0.8675632476806641,seed43,0.5683244977678571,field_sorting,value_selection
0.11924827843904495,field_sorting_value_selection,0.017804827008928572,base_model.model.model.layers.18.self_attn.v_proj,0.032661035656929016,0.027349108830094337,0.8373619318008423,seed43,0.5500575474330357,field_sorting,value_selection
0.24565885961055756,field_sorting_value_selection,0.022984095982142856,base_model.model.model.layers.19.self_attn.k_proj,0.04044564440846443,0.029658041894435883,0.7332814931869507,seed43,0.5640781947544643,field_sorting,value_selection
0.19244910776615143,field_sorting_value_selection,0.01588284239477041,base_model.model.model.layers.19.self_attn.o_proj,0.09303615242242813,0.06826506555080414,0.7337477207183838,seed43,0.559821926817602,field_sorting,value_selection
0.1836339235305786,field_sorting_value_selection,0.01741993183992347,base_model.model.model.layers.19.self_attn.q_proj,0.09927719831466675,0.06917449831962585,0.6967813372612,seed43,0.5684054627710459,field_sorting,value_selection
0.1881704181432724,field_sorting_value_selection,0.017116001674107144,base_model.model.model.layers.19.self_attn.v_proj,0.03898318484425545,0.0280686654150486,0.7200198173522949,seed43,0.5609654017857143,field_sorting,value_selection
0.2653086185455322,field_sorting_value_selection,0.021728515625,base_model.model.model.layers.2.self_attn.k_proj,0.031849995255470276,0.028055956587195396,0.8808779120445251,seed43,0.5854928152901786,field_sorting,value_selection
0.21391937136650085,field_sorting_value_selection,0.017069913903061226,base_model.model.model.layers.2.self_attn.o_proj,0.08272960036993027,0.07418122887611389,0.896670937538147,seed43,0.5702639209980868,field_sorting,value_selection
0.2998078167438507,field_sorting_value_selection,0.018740284199617346,base_model.model.model.layers.2.self_attn.q_proj,0.0775078684091568,0.0766589343547821,0.989047110080719,seed43,0.6002321827168368,field_sorting,value_selection
0.23057414591312408,field_sorting_value_selection,0.025277273995535716,base_model.model.model.layers.2.self_attn.v_proj,0.03221133351325989,0.02774212695658207,0.8612536191940308,seed43,0.56982421875,field_sorting,value_selection
0.16184163093566895,field_sorting_value_selection,0.013602120535714286,base_model.model.model.layers.20.self_attn.k_proj,0.038281384855508804,0.03121684305369854,0.8154575228691101,seed43,0.5596226283482143,field_sorting,value_selection
0.13451054692268372,field_sorting_value_selection,0.01771514269770408,base_model.model.model.layers.20.self_attn.o_proj,0.08503470569849014,0.062033332884311676,0.7295060753822327,seed43,0.5525014449139031,field_sorting,value_selection
0.1405656486749649,field_sorting_value_selection,0.020641093351403062,base_model.model.model.layers.20.self_attn.q_proj,0.10404036194086075,0.07690194994211197,0.7391549348831177,seed43,0.5482240015146683,field_sorting,value_selection
0.09186126291751862,field_sorting_value_selection,0.020429338727678572,base_model.model.model.layers.20.self_attn.v_proj,0.03257342427968979,0.024049166589975357,0.7383063435554504,seed43,0.5361240931919643,field_sorting,value_selection
0.09831900149583817,field_sorting_value_selection,0.014273507254464286,base_model.model.model.layers.21.self_attn.k_proj,0.03192731738090515,0.024797309190034866,0.7766799926757812,seed43,0.5356532505580357,field_sorting,value_selection
0.17173703014850616,field_sorting_value_selection,0.015299894371811224,base_model.model.model.layers.21.self_attn.o_proj,0.084086112678051,0.06213518977165222,0.7389470934867859,seed43,0.5569881517059949,field_sorting,value_selection
0.09415258467197418,field_sorting_value_selection,0.01750712492028061,base_model.model.model.layers.21.self_attn.q_proj,0.08879391103982925,0.07491736859083176,0.8437219262123108,seed43,0.5350142498405612,field_sorting,value_selection
0.09501123428344727,field_sorting_value_selection,0.024239676339285716,base_model.model.model.layers.21.self_attn.v_proj,0.03159360587596893,0.024488143622875214,0.7750980854034424,seed43,0.5176130022321429,field_sorting,value_selection
0.08347500115633011,field_sorting_value_selection,0.021632603236607144,base_model.model.model.layers.22.self_attn.k_proj,0.04139400273561478,0.031237002462148666,0.7546262741088867,seed43,0.5336216517857143,field_sorting,value_selection
-0.057939499616622925,field_sorting_value_selection,0.01688431720344388,base_model.model.model.layers.22.self_attn.o_proj,0.09676311165094376,0.062086671590805054,0.6416357755661011,seed43,0.4854873345822704,field_sorting,value_selection
0.06254886090755463,field_sorting_value_selection,0.0167423170440051,base_model.model.model.layers.22.self_attn.q_proj,0.09747212380170822,0.06862666457891464,0.7040645480155945,seed43,0.5265278718909439,field_sorting,value_selection
0.12381915003061295,field_sorting_value_selection,0.017368861607142856,base_model.model.model.layers.22.self_attn.v_proj,0.03370073810219765,0.022767720744013786,0.6755852103233337,seed43,0.5366734095982143,field_sorting,value_selection
-0.08830711245536804,field_sorting_value_selection,0.0113525390625,base_model.model.model.layers.23.self_attn.k_proj,0.04387041553854942,0.023563606664538383,0.5371183753013611,seed43,0.4611903599330357,field_sorting,value_selection
0.038414936512708664,field_sorting_value_selection,0.013960857780612245,base_model.model.model.layers.23.self_attn.o_proj,0.10015492886304855,0.059661801904439926,0.5956951379776001,seed43,0.5075235172193877,field_sorting,value_selection
0.10090810060501099,field_sorting_value_selection,0.01475929727359694,base_model.model.model.layers.23.self_attn.q_proj,0.1124025285243988,0.07614345848560333,0.6774176359176636,seed43,0.5272814692283163,field_sorting,value_selection
0.17404668033123016,field_sorting_value_selection,0.016697474888392856,base_model.model.model.layers.23.self_attn.v_proj,0.03386610001325607,0.02215702272951603,0.6542537212371826,seed43,0.5560738699776786,field_sorting,value_selection
0.19118064641952515,field_sorting_value_selection,0.017665318080357144,base_model.model.model.layers.3.self_attn.k_proj,0.02959645912051201,0.03130161017179489,0.9455251097679138,seed43,0.5631888253348214,field_sorting,value_selection
0.2509426176548004,field_sorting_value_selection,0.022510762117346938,base_model.model.model.layers.3.self_attn.o_proj,0.07881760597229004,0.07595399767160416,0.9636679291725159,seed43,0.5841164102359694,field_sorting,value_selection
0.16752088069915771,field_sorting_value_selection,0.021111935985331634,base_model.model.model.layers.3.self_attn.q_proj,0.07969144731760025,0.08519386500120163,0.9354130029678345,seed43,0.5649837571747449,field_sorting,value_selection
0.3067234754562378,field_sorting_value_selection,0.026018415178571428,base_model.model.model.layers.3.self_attn.v_proj,0.02947501838207245,0.027458498254418373,0.931585431098938,seed43,0.6029488699776786,field_sorting,value_selection
0.12450708448886871,field_sorting_value_selection,0.018589564732142856,base_model.model.model.layers.4.self_attn.k_proj,0.027687547728419304,0.030346479266881943,0.9123808741569519,seed43,0.5559169224330357,field_sorting,value_selection
0.23140308260917664,field_sorting_value_selection,0.017975476323341837,base_model.model.model.layers.4.self_attn.o_proj,0.08317042887210846,0.07944121211767197,0.9551617503166199,seed43,0.5767822265625,field_sorting,value_selection
0.21347936987876892,field_sorting_value_selection,0.019177495216836735,base_model.model.model.layers.4.self_attn.q_proj,0.0790790468454361,0.08107366412878036,0.9753974676132202,seed43,0.5749661192602041,field_sorting,value_selection
0.42271360754966736,field_sorting_value_selection,0.030979701450892856,base_model.model.model.layers.4.self_attn.v_proj,0.030520521104335785,0.03078482113778591,0.9914146065711975,seed43,0.6362566266741071,field_sorting,value_selection
0.10294602066278458,field_sorting_value_selection,0.0157470703125,base_model.model.model.layers.5.self_attn.k_proj,0.02924025058746338,0.029508816078305244,0.9908987879753113,seed43,0.5367344447544643,field_sorting,value_selection
0.2258218377828598,field_sorting_value_selection,0.019827706473214284,base_model.model.model.layers.5.self_attn.o_proj,0.0818604975938797,0.076141357421875,0.9301355481147766,seed43,0.5785647022480868,field_sorting,value_selection
0.17055217921733856,field_sorting_value_selection,0.01670868542729592,base_model.model.model.layers.5.self_attn.q_proj,0.07965356856584549,0.07973778992891312,0.9989437460899353,seed43,0.555183254942602,field_sorting,value_selection
0.1507282704114914,field_sorting_value_selection,0.021248953683035716,base_model.model.model.layers.5.self_attn.v_proj,0.030051955953240395,0.029247712343931198,0.9732382297515869,seed43,0.5483572823660714,field_sorting,value_selection
0.1529281586408615,field_sorting_value_selection,0.022687639508928572,base_model.model.model.layers.6.self_attn.k_proj,0.026547811925411224,0.032277338206768036,0.8224907517433167,seed43,0.5587071010044643,field_sorting,value_selection
0.202419713139534,field_sorting_value_selection,0.02035335618622449,base_model.model.model.layers.6.self_attn.o_proj,0.07933883368968964,0.07709314674139023,0.9716950058937073,seed43,0.5680940589126275,field_sorting,value_selection
0.26965197920799255,field_sorting_value_selection,0.02172477877869898,base_model.model.model.layers.6.self_attn.q_proj,0.0763038843870163,0.08078709989786148,0.9445058107376099,seed43,0.58837890625,field_sorting,value_selection
0.1565549671649933,field_sorting_value_selection,0.018362862723214284,base_model.model.model.layers.6.self_attn.v_proj,0.028776591643691063,0.029520759359002113,0.9747917056083679,seed43,0.5555943080357143,field_sorting,value_selection
0.07082385569810867,field_sorting_value_selection,0.019400460379464284,base_model.model.model.layers.7.self_attn.k_proj,0.029417609795928,0.030449898913502693,0.9660987854003906,seed43,0.5299944196428571,field_sorting,value_selection
0.15697595477104187,field_sorting_value_selection,0.01519775390625,base_model.model.model.layers.7.self_attn.o_proj,0.0781584158539772,0.07844579219818115,0.9963366389274597,seed43,0.5520069355867347,field_sorting,value_selection
0.04562186077237129,field_sorting_value_selection,0.01628143933354592,base_model.model.model.layers.7.self_attn.q_proj,0.07889492064714432,0.08283844590187073,0.952394962310791,seed43,0.5186680385044643,field_sorting,value_selection
0.19596664607524872,field_sorting_value_selection,0.023271833147321428,base_model.model.model.layers.7.self_attn.v_proj,0.029576033353805542,0.02944469265639782,0.9955592155456543,seed43,0.5672084263392857,field_sorting,value_selection
0.19953536987304688,field_sorting_value_selection,0.021711077008928572,base_model.model.model.layers.8.self_attn.k_proj,0.031329717487096786,0.0289178267121315,0.9230158925056458,seed43,0.5593697684151786,field_sorting,value_selection
0.11789064109325409,field_sorting_value_selection,0.015738351004464284,base_model.model.model.layers.8.self_attn.o_proj,0.08480525016784668,0.08171185851097107,0.9635235667228699,seed43,0.5388843769929847,field_sorting,value_selection
0.11252925544977188,field_sorting_value_selection,0.017571896922831634,base_model.model.model.layers.8.self_attn.q_proj,0.08031260967254639,0.07546234130859375,0.9396076202392578,seed43,0.5353493203922194,field_sorting,value_selection
0.22604158520698547,field_sorting_value_selection,0.020952497209821428,base_model.model.model.layers.8.self_attn.v_proj,0.028905516490340233,0.029766330495476723,0.9710809588432312,seed43,0.5739833286830357,field_sorting,value_selection
0.021525053307414055,field_sorting_value_selection,0.012625558035714286,base_model.model.model.layers.9.self_attn.k_proj,0.031652312725782394,0.037716612219810486,0.8392140865325928,seed43,0.50933837890625,field_sorting,value_selection
0.21535174548625946,field_sorting_value_selection,0.01960225007971939,base_model.model.model.layers.9.self_attn.o_proj,0.08345424383878708,0.08010541647672653,0.959872305393219,seed43,0.5679034797512755,field_sorting,value_selection
0.10284311324357986,field_sorting_value_selection,0.015507912149234694,base_model.model.model.layers.9.self_attn.q_proj,0.08120158314704895,0.09831179678440094,0.8259596824645996,seed43,0.5395383250956632,field_sorting,value_selection
0.17984628677368164,field_sorting_value_selection,0.022269112723214284,base_model.model.model.layers.9.self_attn.v_proj,0.029851311817765236,0.03199534863233566,0.9329891204833984,seed43,0.5551932198660714,field_sorting,value_selection
0.3829623758792877,field_sorting_value_selection,0.025416782924107144,base_model.model.model.layers.0.self_attn.k_proj,0.027089055627584457,0.023218082264065742,0.8571019172668457,seed44,0.6202566964285714,field_sorting,value_selection
0.1994440108537674,field_sorting_value_selection,0.0190853196747449,base_model.model.model.layers.0.self_attn.o_proj,0.08306258171796799,0.07553425431251526,0.9093655943870544,seed44,0.5648317920918368,field_sorting,value_selection
0.23295897245407104,field_sorting_value_selection,0.017284159757653062,base_model.model.model.layers.0.self_attn.q_proj,0.07708277553319931,0.07425237447023392,0.9632810354232788,seed44,0.5665993203922194,field_sorting,value_selection
0.18777786195278168,field_sorting_value_selection,0.022417340959821428,base_model.model.model.layers.0.self_attn.v_proj,0.031811002641916275,0.028772128745913506,0.9044709801673889,seed44,0.5601283482142857,field_sorting,value_selection
-0.041347481310367584,field_sorting_value_selection,0.014630998883928572,base_model.model.model.layers.1.self_attn.k_proj,0.031455956399440765,0.034083761274814606,0.9229015707969666,seed44,0.49558803013392855,field_sorting,value_selection
0.2067156434059143,field_sorting_value_selection,0.022158252949617346,base_model.model.model.layers.1.self_attn.o_proj,0.07907319813966751,0.07839453220367432,0.9914172291755676,seed44,0.5652690031090561,field_sorting,value_selection
0.23148217797279358,field_sorting_value_selection,0.01956986407844388,base_model.model.model.layers.1.self_attn.q_proj,0.08388842642307281,0.08110405504703522,0.9668086171150208,seed44,0.5746036451690051,field_sorting,value_selection
0.1684889942407608,field_sorting_value_selection,0.017961774553571428,base_model.model.model.layers.1.self_attn.v_proj,0.03219880536198616,0.030229121446609497,0.938827395439148,seed44,0.5492989676339286,field_sorting,value_selection
0.16219313442707062,field_sorting_value_selection,0.015633719308035716,base_model.model.model.layers.10.self_attn.k_proj,0.031834546476602554,0.03299446776509285,0.9648450016975403,seed44,0.5500837053571429,field_sorting,value_selection
0.1638854444026947,field_sorting_value_selection,0.021810726243622448,base_model.model.model.layers.10.self_attn.o_proj,0.08284692466259003,0.08405162394046783,0.9856671690940857,seed44,0.5506616709183674,field_sorting,value_selection
0.02781463786959648,field_sorting_value_selection,0.01744858099489796,base_model.model.model.layers.10.self_attn.q_proj,0.08217271417379379,0.08895637094974518,0.9237417578697205,seed44,0.5128995934311225,field_sorting,value_selection
0.29542428255081177,field_sorting_value_selection,0.019749232700892856,base_model.model.model.layers.10.self_attn.v_proj,0.031184183433651924,0.02950849011540413,0.9462646245956421,seed44,0.5941510881696429,field_sorting,value_selection
0.16294823586940765,field_sorting_value_selection,0.01837158203125,base_model.model.model.layers.11.self_attn.k_proj,0.028606140986084938,0.03923986107110977,0.7290071845054626,seed44,0.5475551060267857,field_sorting,value_selection
0.15067848563194275,field_sorting_value_selection,0.01856963488520408,base_model.model.model.layers.11.self_attn.o_proj,0.08034420013427734,0.079539455473423,0.9899837970733643,seed44,0.5475252112563775,field_sorting,value_selection
-0.06552689522504807,field_sorting_value_selection,0.014897560586734694,base_model.model.model.layers.11.self_attn.q_proj,0.07678667455911636,0.09107861667871475,0.8430812358856201,seed44,0.48310073541135207,field_sorting,value_selection
0.3079988956451416,field_sorting_value_selection,0.027491978236607144,base_model.model.model.layers.11.self_attn.v_proj,0.032517366111278534,0.031853966414928436,0.9795985817909241,seed44,0.5814732142857143,field_sorting,value_selection
0.08115839213132858,field_sorting_value_selection,0.015110560825892858,base_model.model.model.layers.12.self_attn.k_proj,0.03608592227101326,0.030558021739125252,0.8468128442764282,seed44,0.5212227957589286,field_sorting,value_selection
0.12413719296455383,field_sorting_value_selection,0.01697524713010204,base_model.model.model.layers.12.self_attn.o_proj,0.0825861468911171,0.08090759068727493,0.9796751141548157,seed44,0.5393053950095663,field_sorting,value_selection
0.12249524146318436,field_sorting_value_selection,0.017762476084183673,base_model.model.model.layers.12.self_attn.q_proj,0.08704011142253876,0.08313784003257751,0.9551669955253601,seed44,0.5363470583545918,field_sorting,value_selection
0.10844404250383377,field_sorting_value_selection,0.019130161830357144,base_model.model.model.layers.12.self_attn.v_proj,0.03368270769715309,0.0314100906252861,0.9325286746025085,seed44,0.53839111328125,field_sorting,value_selection
0.1297030746936798,field_sorting_value_selection,0.019243512834821428,base_model.model.model.layers.13.self_attn.k_proj,0.030211294069886208,0.028494207188487053,0.943164050579071,seed44,0.549072265625,field_sorting,value_selection
0.08095166832208633,field_sorting_value_selection,0.017644142617984693,base_model.model.model.layers.13.self_attn.o_proj,0.09457261115312576,0.08371253311634064,0.8851667642593384,seed44,0.5315788424744898,field_sorting,value_selection
0.15180706977844238,field_sorting_value_selection,0.01994354870854592,base_model.model.model.layers.13.self_attn.q_proj,0.0854697972536087,0.08303013443946838,0.9714558720588684,seed44,0.5480707908163265,field_sorting,value_selection
0.11938966810703278,field_sorting_value_selection,0.026811872209821428,base_model.model.model.layers.13.self_attn.v_proj,0.03409624472260475,0.030361633747816086,0.8904685378074646,seed44,0.5354091099330357,field_sorting,value_selection
0.17676523327827454,field_sorting_value_selection,0.017438616071428572,base_model.model.model.layers.14.self_attn.k_proj,0.028720149770379066,0.027466049417853355,0.9563337564468384,seed44,0.5529610770089286,field_sorting,value_selection
0.05363854765892029,field_sorting_value_selection,0.013022909359056123,base_model.model.model.layers.14.self_attn.o_proj,0.09288733452558517,0.07477357238531113,0.804992139339447,seed44,0.5144366828762755,field_sorting,value_selection
0.1303589791059494,field_sorting_value_selection,0.01687808912627551,base_model.model.model.layers.14.self_attn.q_proj,0.08399641513824463,0.0829983502626419,0.9881177544593811,seed44,0.5354477240114796,field_sorting,value_selection
0.10828527063131332,field_sorting_value_selection,0.016462053571428572,base_model.model.model.layers.14.self_attn.v_proj,0.030645327642560005,0.02840687893331051,0.926956295967102,seed44,0.5308925083705357,field_sorting,value_selection
0.010373850353062153,field_sorting_value_selection,0.013575962611607142,base_model.model.model.layers.15.self_attn.k_proj,0.03544517979025841,0.03433318808674812,0.9686278700828552,seed44,0.49961635044642855,field_sorting,value_selection
0.10921747237443924,field_sorting_value_selection,0.018595792809311226,base_model.model.model.layers.15.self_attn.o_proj,0.09064431488513947,0.07871534675359726,0.8683980703353882,seed44,0.5273786272321429,field_sorting,value_selection
-0.024810995906591415,field_sorting_value_selection,0.016394790338010203,base_model.model.model.layers.15.self_attn.q_proj,0.0959346741437912,0.08401671797037125,0.875770092010498,seed44,0.49320516780931123,field_sorting,value_selection
0.15606772899627686,field_sorting_value_selection,0.019269670758928572,base_model.model.model.layers.15.self_attn.v_proj,0.03393317013978958,0.029113732278347015,0.8579726815223694,seed44,0.5474591936383929,field_sorting,value_selection
0.125604048371315,field_sorting_value_selection,0.017735072544642856,base_model.model.model.layers.16.self_attn.k_proj,0.029679356142878532,0.03222965821623802,0.9208709597587585,seed44,0.5460205078125,field_sorting,value_selection
0.13293561339378357,field_sorting_value_selection,0.015390824298469387,base_model.model.model.layers.16.self_attn.o_proj,0.09789734333753586,0.08467947691679001,0.8649823665618896,seed44,0.5378891302614796,field_sorting,value_selection
0.07773271948099136,field_sorting_value_selection,0.02047916334502551,base_model.model.model.layers.16.self_attn.q_proj,0.08213373273611069,0.08584040403366089,0.9568190574645996,seed44,0.5264581174266582,field_sorting,value_selection
0.11686506122350693,field_sorting_value_selection,0.025076729910714284,base_model.model.model.layers.16.self_attn.v_proj,0.03283333033323288,0.029881441965699196,0.9100947380065918,seed44,0.5316074916294643,field_sorting,value_selection
0.15169963240623474,field_sorting_value_selection,0.011378696986607142,base_model.model.model.layers.17.self_attn.k_proj,0.0365377701818943,0.028648102656006813,0.7840681672096252,seed44,0.5638776506696429,field_sorting,value_selection
0.1916189193725586,field_sorting_value_selection,0.026272520727040817,base_model.model.model.layers.17.self_attn.o_proj,0.09219434857368469,0.07722871005535126,0.8376729488372803,seed44,0.5564251335299745,field_sorting,value_selection
0.15372155606746674,field_sorting_value_selection,0.02411636041135204,base_model.model.model.layers.17.self_attn.q_proj,0.08497510105371475,0.08098296821117401,0.9530199766159058,seed44,0.5495368801817602,field_sorting,value_selection
0.18151943385601044,field_sorting_value_selection,0.02349853515625,base_model.model.model.layers.17.self_attn.v_proj,0.03505539521574974,0.027804052457213402,0.7931461930274963,seed44,0.55267333984375,field_sorting,value_selection
0.2894793450832367,field_sorting_value_selection,0.020368303571428572,base_model.model.model.layers.18.self_attn.k_proj,0.0437953881919384,0.030056875199079514,0.6863023042678833,seed44,0.5887538364955357,field_sorting,value_selection
0.2023703157901764,field_sorting_value_selection,0.0251278001434949,base_model.model.model.layers.18.self_attn.o_proj,0.09520884603261948,0.07454687356948853,0.7829826474189758,seed44,0.5582051179846939,field_sorting,value_selection
0.1335553228855133,field_sorting_value_selection,0.018392757493622448,base_model.model.model.layers.18.self_attn.q_proj,0.10778521001338959,0.08393833786249161,0.7787556052207947,seed44,0.5518960758131377,field_sorting,value_selection
0.11383038759231567,field_sorting_value_selection,0.021510532924107144,base_model.model.model.layers.18.self_attn.v_proj,0.032870423048734665,0.029898809269070625,0.9095961451530457,seed44,0.5412423270089286,field_sorting,value_selection
0.028646953403949738,field_sorting_value_selection,0.012163434709821428,base_model.model.model.layers.19.self_attn.k_proj,0.04342978820204735,0.03257114067673683,0.7499723434448242,seed44,0.5095476422991071,field_sorting,value_selection
0.1110108271241188,field_sorting_value_selection,0.01377276985012755,base_model.model.model.layers.19.self_attn.o_proj,0.0904395803809166,0.07072272896766663,0.7819886803627014,seed44,0.5345571089764031,field_sorting,value_selection
0.09554176777601242,field_sorting_value_selection,0.016861896125637755,base_model.model.model.layers.19.self_attn.q_proj,0.10338018834590912,0.07235337793827057,0.699876606464386,seed44,0.5328095105229592,field_sorting,value_selection
0.19874577224254608,field_sorting_value_selection,0.027980259486607144,base_model.model.model.layers.19.self_attn.v_proj,0.0432278998196125,0.029708975926041603,0.6872639060020447,seed44,0.5659092494419643,field_sorting,value_selection
0.19231544435024261,field_sorting_value_selection,0.02197265625,base_model.model.model.layers.2.self_attn.k_proj,0.02803557552397251,0.031574588268995285,0.8879157900810242,seed44,0.5510341099330357,field_sorting,value_selection
0.1918776035308838,field_sorting_value_selection,0.01664017657844388,base_model.model.model.layers.2.self_attn.o_proj,0.08077441900968552,0.07963017374277115,0.9858340620994568,seed44,0.5641342474489796,field_sorting,value_selection
0.206650048494339,field_sorting_value_selection,0.018462511957908163,base_model.model.model.layers.2.self_attn.q_proj,0.0827387198805809,0.07986816018819809,0.965305745601654,seed44,0.5713737643494898,field_sorting,value_selection
0.2348252832889557,field_sorting_value_selection,0.02496337890625,base_model.model.model.layers.2.self_attn.v_proj,0.03155326843261719,0.028988316655158997,0.9187104105949402,seed44,0.5739484514508929,field_sorting,value_selection
0.3145138919353485,field_sorting_value_selection,0.022365025111607144,base_model.model.model.layers.20.self_attn.k_proj,0.04196308180689812,0.03442513197660446,0.8203670978546143,seed44,0.5988333565848214,field_sorting,value_selection
0.20737314224243164,field_sorting_value_selection,0.020014548788265307,base_model.model.model.layers.20.self_attn.o_proj,0.08387105166912079,0.06760993599891663,0.8061176538467407,seed44,0.5645864058514031,field_sorting,value_selection
0.03308121860027313,field_sorting_value_selection,0.020176478794642856,base_model.model.model.layers.20.self_attn.q_proj,0.09968902170658112,0.08342787623405457,0.8368812799453735,seed44,0.513557278380102,field_sorting,value_selection
0.03205430880188942,field_sorting_value_selection,0.021475655691964284,base_model.model.model.layers.20.self_attn.v_proj,0.03462310507893562,0.027251239866018295,0.7870824933052063,seed44,0.5074462890625,field_sorting,value_selection
0.10420067608356476,field_sorting_value_selection,0.017979213169642856,base_model.model.model.layers.21.self_attn.k_proj,0.03618600219488144,0.029489202424883842,0.8149339556694031,seed44,0.5481044224330357,field_sorting,value_selection
0.18249022960662842,field_sorting_value_selection,0.021551638233418366,base_model.model.model.layers.21.self_attn.o_proj,0.09078802168369293,0.06394120305776596,0.7042911648750305,seed44,0.545478665098852,field_sorting,value_selection
0.06327853351831436,field_sorting_value_selection,0.013147470902423469,base_model.model.model.layers.21.self_attn.q_proj,0.09584785997867584,0.07795777916908264,0.813349187374115,seed44,0.5166937380420918,field_sorting,value_selection
0.1524825394153595,field_sorting_value_selection,0.019888741629464284,base_model.model.model.layers.21.self_attn.v_proj,0.03480860963463783,0.024939628317952156,0.716478705406189,seed44,0.5452008928571429,field_sorting,value_selection
0.10946635901927948,field_sorting_value_selection,0.015633719308035716,base_model.model.model.layers.22.self_attn.k_proj,0.04073924198746681,0.031169945374131203,0.7651086449623108,seed44,0.5412859235491071,field_sorting,value_selection
0.15467239916324615,field_sorting_value_selection,0.01427848971619898,base_model.model.model.layers.22.self_attn.o_proj,0.09384787827730179,0.06968697905540466,0.7425525188446045,seed44,0.5538591657366071,field_sorting,value_selection
0.11476754397153854,field_sorting_value_selection,0.01820342394770408,base_model.model.model.layers.22.self_attn.q_proj,0.0952216163277626,0.08340539783239365,0.8759082555770874,seed44,0.5339168626434949,field_sorting,value_selection
0.15182991325855255,field_sorting_value_selection,0.015511648995535714,base_model.model.model.layers.22.self_attn.v_proj,0.03526127338409424,0.02581091783940792,0.7319905161857605,seed44,0.5465349469866071,field_sorting,value_selection
-0.03956054151058197,field_sorting_value_selection,0.009756905691964286,base_model.model.model.layers.23.self_attn.k_proj,0.045841872692108154,0.02282124198973179,0.4978252649307251,seed44,0.48740059988839285,field_sorting,value_selection
0.11589856445789337,field_sorting_value_selection,0.013445172991071428,base_model.model.model.layers.23.self_attn.o_proj,0.08744458854198456,0.05920941382646561,0.6771078109741211,seed44,0.5361353037308674,field_sorting,value_selection
0.16384047269821167,field_sorting_value_selection,0.021300023915816327,base_model.model.model.layers.23.self_attn.q_proj,0.1082112044095993,0.08390943706035614,0.7754228115081787,seed44,0.543754733338648,field_sorting,value_selection
0.1700766682624817,field_sorting_value_selection,0.018258231026785716,base_model.model.model.layers.23.self_attn.v_proj,0.03722706437110901,0.028057914227247238,0.7536966800689697,seed44,0.5291224888392857,field_sorting,value_selection
0.044194500893354416,field_sorting_value_selection,0.018345424107142856,base_model.model.model.layers.3.self_attn.k_proj,0.03041244111955166,0.03211088851094246,0.9471067786216736,seed44,0.5135236467633929,field_sorting,value_selection
0.1861634999513626,field_sorting_value_selection,0.020751953125,base_model.model.model.layers.3.self_attn.o_proj,0.08585677295923233,0.08297030627727509,0.9663804173469543,seed44,0.5635139309630102,field_sorting,value_selection
0.2869977355003357,field_sorting_value_selection,0.019533741230867346,base_model.model.model.layers.3.self_attn.q_proj,0.08266779035329819,0.08948037773370743,0.923865020275116,seed44,0.6021753427933674,field_sorting,value_selection
0.291002482175827,field_sorting_value_selection,0.024004255022321428,base_model.model.model.layers.3.self_attn.v_proj,0.029353521764278412,0.028523070737719536,0.9717086553573608,seed44,0.6056169782366071,field_sorting,value_selection
0.13467974960803986,field_sorting_value_selection,0.017054966517857144,base_model.model.model.layers.4.self_attn.k_proj,0.02984134666621685,0.03461761027574539,0.8620279431343079,seed44,0.5461077008928571,field_sorting,value_selection
0.2294062077999115,field_sorting_value_selection,0.01971809231505102,base_model.model.model.layers.4.self_attn.o_proj,0.0836743488907814,0.08209393173456192,0.9811123013496399,seed44,0.5766950334821429,field_sorting,value_selection
0.18317225575447083,field_sorting_value_selection,0.0251888352997449,base_model.model.model.layers.4.self_attn.q_proj,0.08237016201019287,0.08060292154550552,0.9785451292991638,seed44,0.5572298011001275,field_sorting,value_selection
0.37744542956352234,field_sorting_value_selection,0.03370012555803571,base_model.model.model.layers.4.self_attn.v_proj,0.02950216270983219,0.03209022805094719,0.9193503856658936,seed44,0.6212071010044643,field_sorting,value_selection
0.08919437229633331,field_sorting_value_selection,0.020193917410714284,base_model.model.model.layers.5.self_attn.k_proj,0.02983996830880642,0.02760392241179943,0.9250653982162476,seed44,0.5246930803571429,field_sorting,value_selection
0.14806032180786133,field_sorting_value_selection,0.017139668367346938,base_model.model.model.layers.5.self_attn.o_proj,0.08191230893135071,0.08101821690797806,0.989084780216217,seed44,0.5464988241390306,field_sorting,value_selection
0.14573420584201813,field_sorting_value_selection,0.020656040736607144,base_model.model.model.layers.5.self_attn.q_proj,0.07856867462396622,0.08081366866827011,0.9722201228141785,seed44,0.5404700454400511,field_sorting,value_selection
0.09621840715408325,field_sorting_value_selection,0.023681640625,base_model.model.model.layers.5.self_attn.v_proj,0.02981637604534626,0.029323799535632133,0.9834796786308289,seed44,0.52593994140625,field_sorting,value_selection
0.18516311049461365,field_sorting_value_selection,0.021161760602678572,base_model.model.model.layers.6.self_attn.k_proj,0.029745254665613174,0.034003280103206635,0.8747760653495789,seed44,0.5684552873883929,field_sorting,value_selection
0.16635838150978088,field_sorting_value_selection,0.015805614237882654,base_model.model.model.layers.6.self_attn.o_proj,0.07875753939151764,0.07959258556365967,0.9895085096359253,seed44,0.5539899553571429,field_sorting,value_selection
0.2777538597583771,field_sorting_value_selection,0.019857601243622448,base_model.model.model.layers.6.self_attn.q_proj,0.08466451615095139,0.08375465869903564,0.9892534017562866,seed44,0.6016633948501275,field_sorting,value_selection
0.12754565477371216,field_sorting_value_selection,0.020978655133928572,base_model.model.model.layers.6.self_attn.v_proj,0.029382435604929924,0.02915889583528042,0.9923920631408691,seed44,0.5474504743303571,field_sorting,value_selection
0.05166525021195412,field_sorting_value_selection,0.015694754464285716,base_model.model.model.layers.7.self_attn.k_proj,0.030258428305387497,0.030848877504467964,0.9808599352836609,seed44,0.5174996512276786,field_sorting,value_selection
0.17239494621753693,field_sorting_value_selection,0.014772999043367346,base_model.model.model.layers.7.self_attn.o_proj,0.0824924111366272,0.08165234327316284,0.989816427230835,seed44,0.5575823102678571,field_sorting,value_selection
0.01735609956085682,field_sorting_value_selection,0.017716388313137755,base_model.model.model.layers.7.self_attn.q_proj,0.08206892013549805,0.0802650898694992,0.9780205488204956,seed44,0.5069467972735969,field_sorting,value_selection
0.12867537140846252,field_sorting_value_selection,0.022792271205357144,base_model.model.model.layers.7.self_attn.v_proj,0.03122636117041111,0.030020812526345253,0.9613932371139526,seed44,0.53814697265625,field_sorting,value_selection
0.25424546003341675,field_sorting_value_selection,0.0179443359375,base_model.model.model.layers.8.self_attn.k_proj,0.03210879862308502,0.030518580228090286,0.9504740834236145,seed44,0.5891287667410714,field_sorting,value_selection
0.15083880722522736,field_sorting_value_selection,0.01800163424744898,base_model.model.model.layers.8.self_attn.o_proj,0.08272775262594223,0.08472572267055511,0.9764183759689331,seed44,0.5472212810905612,field_sorting,value_selection
0.16326740384101868,field_sorting_value_selection,0.01988251355229592,base_model.model.model.layers.8.self_attn.q_proj,0.08451364189386368,0.07828950881958008,0.9263535141944885,seed44,0.5522734972895408,field_sorting,value_selection
0.23760755360126495,field_sorting_value_selection,0.018772670200892856,base_model.model.model.layers.8.self_attn.v_proj,0.028284180909395218,0.02848207578063011,0.9930519461631775,seed44,0.5884486607142857,field_sorting,value_selection
0.11484748125076294,field_sorting_value_selection,0.0169677734375,base_model.model.model.layers.9.self_attn.k_proj,0.03100624494254589,0.03884989023208618,0.7981038093566895,seed44,0.5447213309151786,field_sorting,value_selection
0.15882794559001923,field_sorting_value_selection,0.018032774633290817,base_model.model.model.layers.9.self_attn.o_proj,0.08079179376363754,0.08139166980981827,0.9926297664642334,seed44,0.5496776347257653,field_sorting,value_selection
0.13840629160404205,field_sorting_value_selection,0.014801648198341837,base_model.model.model.layers.9.self_attn.q_proj,0.08189622312784195,0.09631041437387466,0.8503361344337463,seed44,0.5486823879942602,field_sorting,value_selection
0.18418720364570618,field_sorting_value_selection,0.021597726004464284,base_model.model.model.layers.9.self_attn.v_proj,0.031923774629831314,0.032963827252388,0.9684486985206604,seed44,0.565185546875,field_sorting,value_selection
0.3951142132282257,value_selection_field_sorting,0.021990094866071428,base_model.model.model.layers.0.self_attn.k_proj,0.027977997437119484,0.025549711659550667,0.9132072925567627,seed42,0.6292637416294643,field_sorting,value_selection
0.2742234468460083,value_selection_field_sorting,0.022523218271683673,base_model.model.model.layers.0.self_attn.o_proj,0.08238508552312851,0.07737521082162857,0.9391895532608032,seed42,0.58685302734375,field_sorting,value_selection
0.3389020264148712,value_selection_field_sorting,0.02335404376594388,base_model.model.model.layers.0.self_attn.q_proj,0.07869421690702438,0.07712728530168533,0.9800883531570435,seed42,0.6153763751594388,field_sorting,value_selection
0.18895785510540009,value_selection_field_sorting,0.015904017857142856,base_model.model.model.layers.0.self_attn.v_proj,0.03014618530869484,0.028889691457152367,0.9583199620246887,seed42,0.5638514927455357,field_sorting,value_selection
0.23153439164161682,value_selection_field_sorting,0.019121442522321428,base_model.model.model.layers.1.self_attn.k_proj,0.031472545117139816,0.03149250149726868,0.9993663430213928,seed42,0.5867745535714286,field_sorting,value_selection
0.21290211379528046,value_selection_field_sorting,0.024248395647321428,base_model.model.model.layers.1.self_attn.o_proj,0.08191671222448349,0.07987546920776367,0.9750815033912659,seed42,0.5715805365114796,field_sorting,value_selection
0.2352890968322754,value_selection_field_sorting,0.018416424186862245,base_model.model.model.layers.1.self_attn.q_proj,0.08258473128080368,0.08403047919273376,0.9827949404716492,seed42,0.5782383510044643,field_sorting,value_selection
0.18221421539783478,value_selection_field_sorting,0.018092564174107144,base_model.model.model.layers.1.self_attn.v_proj,0.03226696327328682,0.031227877363562584,0.9677972197532654,seed42,0.5635201590401786,field_sorting,value_selection
0.19840364158153534,value_selection_field_sorting,0.016636439732142856,base_model.model.model.layers.10.self_attn.k_proj,0.029817163944244385,0.03355195000767708,0.88868647813797,seed42,0.5769740513392857,field_sorting,value_selection
0.22410224378108978,value_selection_field_sorting,0.021087023676658163,base_model.model.model.layers.10.self_attn.o_proj,0.08299372345209122,0.08016513288021088,0.9659180045127869,seed42,0.5670689174107143,field_sorting,value_selection
0.0012585209915414453,value_selection_field_sorting,0.01752082669005102,base_model.model.model.layers.10.self_attn.q_proj,0.08085466921329498,0.09001988172531128,0.8981868028640747,seed42,0.5090020627391582,field_sorting,value_selection
0.25798484683036804,value_selection_field_sorting,0.023629324776785716,base_model.model.model.layers.10.self_attn.v_proj,0.0303311999887228,0.03086193837225437,0.9828028082847595,seed42,0.601318359375,field_sorting,value_selection
0.2546638548374176,value_selection_field_sorting,0.019784109933035716,base_model.model.model.layers.11.self_attn.k_proj,0.03105037845671177,0.034231312572956085,0.9070752859115601,seed42,0.5787091936383929,field_sorting,value_selection
0.14208365976810455,value_selection_field_sorting,0.021637585698341837,base_model.model.model.layers.11.self_attn.o_proj,0.08787336200475693,0.08564924448728561,0.9746895432472229,seed42,0.5466682278380102,field_sorting,value_selection
0.03267160430550575,value_selection_field_sorting,0.018261967873086735,base_model.model.model.layers.11.self_attn.q_proj,0.07209472358226776,0.09200923144817352,0.7835596799850464,seed42,0.5018833705357143,field_sorting,value_selection
0.4369390606880188,value_selection_field_sorting,0.035984584263392856,base_model.model.model.layers.11.self_attn.v_proj,0.033339258283376694,0.032802119851112366,0.9838886857032776,seed42,0.6405203683035714,field_sorting,value_selection
0.14719034731388092,value_selection_field_sorting,0.017996651785714284,base_model.model.model.layers.12.self_attn.k_proj,0.03255567327141762,0.030922217294573784,0.9498257637023926,seed42,0.5428292410714286,field_sorting,value_selection
0.07546230405569077,value_selection_field_sorting,0.017096071827168366,base_model.model.model.layers.12.self_attn.o_proj,0.08789476752281189,0.07811854779720306,0.8887735605239868,seed42,0.5248662209024235,field_sorting,value_selection
0.12853384017944336,value_selection_field_sorting,0.017203194754464284,base_model.model.model.layers.12.self_attn.q_proj,0.08505663275718689,0.08509852737188339,0.9995076656341553,seed42,0.5443501375159439,field_sorting,value_selection
0.12985959649085999,value_selection_field_sorting,0.018668038504464284,base_model.model.model.layers.12.self_attn.v_proj,0.033302512019872665,0.030044155195355415,0.9021588563919067,seed42,0.5365862165178571,field_sorting,value_selection
0.043213315308094025,value_selection_field_sorting,0.013811383928571428,base_model.model.model.layers.13.self_attn.k_proj,0.03233317285776138,0.02962370589375496,0.916201651096344,seed42,0.5241524832589286,field_sorting,value_selection
0.10038556158542633,value_selection_field_sorting,0.01551414022640306,base_model.model.model.layers.13.self_attn.o_proj,0.09304948151111603,0.0790577307343483,0.8496310710906982,seed42,0.5373124103156888,field_sorting,value_selection
0.08656052500009537,value_selection_field_sorting,0.01861198580994898,base_model.model.model.layers.13.self_attn.q_proj,0.08386001735925674,0.07723622769117355,0.9210137128829956,seed42,0.5250393614477041,field_sorting,value_selection
0.170151948928833,value_selection_field_sorting,0.023489815848214284,base_model.model.model.layers.13.self_attn.v_proj,0.03187568485736847,0.030497165396809578,0.9567532539367676,seed42,0.5586896623883929,field_sorting,value_selection
0.16772376000881195,value_selection_field_sorting,0.016758510044642856,base_model.model.model.layers.14.self_attn.k_proj,0.03002368099987507,0.03148074448108673,0.9537157416343689,seed42,0.5593000139508929,field_sorting,value_selection
0.15573662519454956,value_selection_field_sorting,0.017529545998086735,base_model.model.model.layers.14.self_attn.o_proj,0.09284614771604538,0.07221971452236176,0.7778428792953491,seed42,0.5482675980548469,field_sorting,value_selection
0.09538502246141434,value_selection_field_sorting,0.017669054926658163,base_model.model.model.layers.14.self_attn.q_proj,0.0843280777335167,0.0768887996673584,0.9117817282676697,seed42,0.5349432497608418,field_sorting,value_selection
0.12888701260089874,value_selection_field_sorting,0.018319266183035716,base_model.model.model.layers.14.self_attn.v_proj,0.03230880945920944,0.027711208909749985,0.8576982617378235,seed42,0.5425851004464286,field_sorting,value_selection
0.12158644199371338,value_selection_field_sorting,0.014561244419642858,base_model.model.model.layers.15.self_attn.k_proj,0.03379114717245102,0.033531252294778824,0.9923087954521179,seed42,0.5451485770089286,field_sorting,value_selection
0.19521483778953552,value_selection_field_sorting,0.02007060148278061,base_model.model.model.layers.15.self_attn.o_proj,0.09254943579435349,0.07230210304260254,0.7812268137931824,seed42,0.5551595882493623,field_sorting,value_selection
0.018399370834231377,value_selection_field_sorting,0.016438386878188774,base_model.model.model.layers.15.self_attn.q_proj,0.09445418417453766,0.07777147740125656,0.823377788066864,seed42,0.5155951052295918,field_sorting,value_selection
0.20634087920188904,value_selection_field_sorting,0.025137765066964284,base_model.model.model.layers.15.self_attn.v_proj,0.0336274579167366,0.028816012665629387,0.8569191694259644,seed42,0.5539812360491071,field_sorting,value_selection
0.20101848244667053,value_selection_field_sorting,0.0189208984375,base_model.model.model.layers.16.self_attn.k_proj,0.03245895728468895,0.030943118035793304,0.9532998204231262,seed42,0.5680280412946429,field_sorting,value_selection
0.11919225007295609,value_selection_field_sorting,0.012543347417091837,base_model.model.model.layers.16.self_attn.o_proj,0.1064714565873146,0.0811181515455246,0.7618770003318787,seed42,0.5382877272002551,field_sorting,value_selection
0.2239673137664795,value_selection_field_sorting,0.02046919842155612,base_model.model.model.layers.16.self_attn.q_proj,0.0850190743803978,0.07855292409658432,0.9239447116851807,seed42,0.5718259227519132,field_sorting,value_selection
0.15131275355815887,value_selection_field_sorting,0.024553571428571428,base_model.model.model.layers.16.self_attn.v_proj,0.0354703851044178,0.029941776767373085,0.844134509563446,seed42,0.5408150809151786,field_sorting,value_selection
0.1087913066148758,value_selection_field_sorting,0.012294224330357142,base_model.model.model.layers.17.self_attn.k_proj,0.036002278327941895,0.031042227521538734,0.8622295260429382,seed42,0.5423932756696429,field_sorting,value_selection
0.13222567737102509,value_selection_field_sorting,0.01584671954719388,base_model.model.model.layers.17.self_attn.o_proj,0.09779567271471024,0.07689107209444046,0.7862420678138733,seed42,0.5432378029336735,field_sorting,value_selection
0.1521073281764984,value_selection_field_sorting,0.018164809869260203,base_model.model.model.layers.17.self_attn.q_proj,0.09110570698976517,0.08112673461437225,0.890468180179596,seed42,0.5471079300860969,field_sorting,value_selection
0.1018744707107544,value_selection_field_sorting,0.0181884765625,base_model.model.model.layers.17.self_attn.v_proj,0.03951835259795189,0.027545563876628876,0.6970322132110596,seed42,0.5267769949776786,field_sorting,value_selection
0.1912929266691208,value_selection_field_sorting,0.018519810267857144,base_model.model.model.layers.18.self_attn.k_proj,0.0427066832780838,0.030255891382694244,0.7084580063819885,seed42,0.5700857979910714,field_sorting,value_selection
0.15487657487392426,value_selection_field_sorting,0.017796107700892856,base_model.model.model.layers.18.self_attn.o_proj,0.09606579691171646,0.07594068348407745,0.7905069589614868,seed42,0.5487359494579082,field_sorting,value_selection
0.17480261623859406,value_selection_field_sorting,0.018438845264668366,base_model.model.model.layers.18.self_attn.q_proj,0.10475533455610275,0.08095242083072662,0.7727761268615723,seed42,0.5654595822704082,field_sorting,value_selection
0.18364542722702026,value_selection_field_sorting,0.023638044084821428,base_model.model.model.layers.18.self_attn.v_proj,0.03459175303578377,0.030351055786013603,0.8774072527885437,seed42,0.5652291434151786,field_sorting,value_selection
0.23466484248638153,value_selection_field_sorting,0.022696358816964284,base_model.model.model.layers.19.self_attn.k_proj,0.03361450880765915,0.030821794643998146,0.9169194102287292,seed42,0.5707571847098214,field_sorting,value_selection
0.18215881288051605,value_selection_field_sorting,0.02054019850127551,base_model.model.model.layers.19.self_attn.o_proj,0.09401469677686691,0.07459872215986252,0.7934793829917908,seed42,0.5534892179528061,field_sorting,value_selection
0.1931608021259308,value_selection_field_sorting,0.016140684789540817,base_model.model.model.layers.19.self_attn.q_proj,0.11095597594976425,0.07686275988817215,0.692732036113739,seed42,0.5692138671875,field_sorting,value_selection
0.2361101508140564,value_selection_field_sorting,0.018450055803571428,base_model.model.model.layers.19.self_attn.v_proj,0.04186353087425232,0.027875058352947235,0.6658554077148438,seed42,0.5770525251116071,field_sorting,value_selection
0.2832892835140228,value_selection_field_sorting,0.025774274553571428,base_model.model.model.layers.2.self_attn.k_proj,0.03264433890581131,0.031144453212618828,0.9540536999702454,seed42,0.5805402483258929,field_sorting,value_selection
0.22143469750881195,value_selection_field_sorting,0.016392299107142856,base_model.model.model.layers.2.self_attn.o_proj,0.08134486526250839,0.08330807834863663,0.9764342904090881,seed42,0.5738774513711735,field_sorting,value_selection
0.24896088242530823,value_selection_field_sorting,0.01744858099489796,base_model.model.model.layers.2.self_attn.q_proj,0.07971017807722092,0.08008462935686111,0.9953243136405945,seed42,0.5812240911989796,field_sorting,value_selection
0.20002733170986176,value_selection_field_sorting,0.015398297991071428,base_model.model.model.layers.2.self_attn.v_proj,0.029357578605413437,0.029982972890138626,0.9791417121887207,seed42,0.5694580078125,field_sorting,value_selection
0.2461572289466858,value_selection_field_sorting,0.018458775111607144,base_model.model.model.layers.20.self_attn.k_proj,0.03527405112981796,0.03248636797070503,0.9209707379341125,seed42,0.5780814034598214,field_sorting,value_selection
0.18850025534629822,value_selection_field_sorting,0.018266950334821428,base_model.model.model.layers.20.self_attn.o_proj,0.0902894139289856,0.062275439500808716,0.6897313594818115,seed42,0.5593461017219388,field_sorting,value_selection
0.11470705270767212,value_selection_field_sorting,0.025176379145408163,base_model.model.model.layers.20.self_attn.q_proj,0.10035684704780579,0.08597704023122787,0.8567132353782654,seed42,0.5486387914540817,field_sorting,value_selection
0.046555858105421066,value_selection_field_sorting,0.01422119140625,base_model.model.model.layers.20.self_attn.v_proj,0.03450826182961464,0.027682926505804062,0.802211582660675,seed42,0.5194614955357143,field_sorting,value_selection
0.15993590652942657,value_selection_field_sorting,0.015084402901785714,base_model.model.model.layers.21.self_attn.k_proj,0.031147561967372894,0.029156634584069252,0.936080813407898,seed42,0.5576520647321429,field_sorting,value_selection
0.14841115474700928,value_selection_field_sorting,0.016276456871811226,base_model.model.model.layers.21.self_attn.o_proj,0.08612610399723053,0.06366448104381561,0.73920077085495,seed42,0.5448832609215561,field_sorting,value_selection
0.05261457338929176,value_selection_field_sorting,0.011033661511479591,base_model.model.model.layers.21.self_attn.q_proj,0.09066303819417953,0.08304984867572784,0.9160276651382446,seed42,0.5170686682876275,field_sorting,value_selection
0.21005882322788239,value_selection_field_sorting,0.019452776227678572,base_model.model.model.layers.21.self_attn.v_proj,0.03454684838652611,0.025762362405657768,0.7457225322723389,seed42,0.5689871651785714,field_sorting,value_selection
-0.01285441592335701,value_selection_field_sorting,0.016444614955357144,base_model.model.model.layers.22.self_attn.k_proj,0.04051734507083893,0.025071173906326294,0.6187763214111328,seed42,0.48556954520089285,field_sorting,value_selection
0.13505864143371582,value_selection_field_sorting,0.011438486527423469,base_model.model.model.layers.22.self_attn.o_proj,0.09712261706590652,0.057381875813007355,0.5908188819885254,seed42,0.5484531947544643,field_sorting,value_selection
0.08588766306638718,value_selection_field_sorting,0.021626375159438774,base_model.model.model.layers.22.self_attn.q_proj,0.0963234081864357,0.07279842346906662,0.7557708621025085,seed42,0.5274197325414541,field_sorting,value_selection
0.08719833940267563,value_selection_field_sorting,0.010471888950892858,base_model.model.model.layers.22.self_attn.v_proj,0.035447701811790466,0.023296071216464043,0.657195508480072,seed42,0.5240652901785714,field_sorting,value_selection
0.09694278985261917,value_selection_field_sorting,0.013593401227678572,base_model.model.model.layers.23.self_attn.k_proj,0.040361642837524414,0.02611682564020157,0.6470704078674316,seed42,0.5391758510044643,field_sorting,value_selection
0.06688987463712692,value_selection_field_sorting,0.010966398278061224,base_model.model.model.layers.23.self_attn.o_proj,0.09863803535699844,0.06246355175971985,0.6332603096961975,seed42,0.5255214146205357,field_sorting,value_selection
0.1745850145816803,value_selection_field_sorting,0.0188785475127551,base_model.model.model.layers.23.self_attn.q_proj,0.10679198801517487,0.07259566336870193,0.6797856688499451,seed42,0.5504399513711735,field_sorting,value_selection
-0.15322484076023102,value_selection_field_sorting,0.021554129464285716,base_model.model.model.layers.23.self_attn.v_proj,0.03796122223138809,0.025350378826260567,0.6677966713905334,seed42,0.4746616908482143,field_sorting,value_selection
0.3449496626853943,value_selection_field_sorting,0.020699637276785716,base_model.model.model.layers.3.self_attn.k_proj,0.03204571455717087,0.03389322757720947,0.9454901814460754,seed42,0.6229596819196429,field_sorting,value_selection
0.19789563119411469,value_selection_field_sorting,0.01878886320153061,base_model.model.model.layers.3.self_attn.o_proj,0.08175933361053467,0.08205465972423553,0.9964008331298828,seed42,0.5671947245695153,field_sorting,value_selection
0.22111822664737701,value_selection_field_sorting,0.016879334741709183,base_model.model.model.layers.3.self_attn.q_proj,0.0805727168917656,0.08776850998401642,0.9180139303207397,seed42,0.5735785036670918,field_sorting,value_selection
0.3203163743019104,value_selection_field_sorting,0.030787876674107144,base_model.model.model.layers.3.self_attn.v_proj,0.029238983988761902,0.03071131929755211,0.9520588517189026,seed42,0.6087995256696429,field_sorting,value_selection
0.015521409921348095,value_selection_field_sorting,0.02154541015625,base_model.model.model.layers.4.self_attn.k_proj,0.028827013447880745,0.0344984196126461,0.8356038928031921,seed42,0.5302995954241071,field_sorting,value_selection
0.19138368964195251,value_selection_field_sorting,0.019064144212372448,base_model.model.model.layers.4.self_attn.o_proj,0.08307591080665588,0.0835065096616745,0.9948435425758362,seed42,0.56622314453125,field_sorting,value_selection
0.23274613916873932,value_selection_field_sorting,0.018032774633290817,base_model.model.model.layers.4.self_attn.q_proj,0.0786481574177742,0.0844857394695282,0.9309045076370239,seed42,0.5813723194355868,field_sorting,value_selection
0.35490623116493225,value_selection_field_sorting,0.03242710658482143,base_model.model.model.layers.4.self_attn.v_proj,0.029874315485358238,0.0318518802523613,0.937913715839386,seed42,0.614990234375,field_sorting,value_selection
-0.03258165344595909,value_selection_field_sorting,0.018467494419642856,base_model.model.model.layers.5.self_attn.k_proj,0.029582103714346886,0.029866231605410576,0.9904866218566895,seed42,0.48991176060267855,field_sorting,value_selection
0.20706434547901154,value_selection_field_sorting,0.0209774095184949,base_model.model.model.layers.5.self_attn.o_proj,0.08211351931095123,0.07942940294742584,0.9673120975494385,seed42,0.5664797413105868,field_sorting,value_selection
0.233841672539711,value_selection_field_sorting,0.020115443638392856,base_model.model.model.layers.5.self_attn.q_proj,0.08103235065937042,0.08400745689868927,0.9645851850509644,seed42,0.5713986766581632,field_sorting,value_selection
0.12510782480239868,value_selection_field_sorting,0.018467494419642856,base_model.model.model.layers.5.self_attn.v_proj,0.030748387798666954,0.030705509707331657,0.998605489730835,seed42,0.5432303292410714,field_sorting,value_selection
0.18104135990142822,value_selection_field_sorting,0.020028250558035716,base_model.model.model.layers.6.self_attn.k_proj,0.028229529038071632,0.03020666353404522,0.9345464110374451,seed42,0.55670166015625,field_sorting,value_selection
0.18176569044589996,value_selection_field_sorting,0.016014877630739797,base_model.model.model.layers.6.self_attn.o_proj,0.078736312687397,0.07968377321958542,0.9881097674369812,seed42,0.5569694674744898,field_sorting,value_selection
0.23944556713104248,value_selection_field_sorting,0.02071583027742347,base_model.model.model.layers.6.self_attn.q_proj,0.08012153208255768,0.08719025552272797,0.9189276099205017,seed42,0.5831797074298469,field_sorting,value_selection
0.1725095510482788,value_selection_field_sorting,0.019095284598214284,base_model.model.model.layers.6.self_attn.v_proj,0.028650732710957527,0.030270496383309364,0.9464903473854065,seed42,0.5555681501116071,field_sorting,value_selection
0.016593346372246742,value_selection_field_sorting,0.014203752790178572,base_model.model.model.layers.7.self_attn.k_proj,0.027817722409963608,0.03325468674302101,0.8365052938461304,seed42,0.5018746512276786,field_sorting,value_selection
0.1635650247335434,value_selection_field_sorting,0.014692034040178572,base_model.model.model.layers.7.self_attn.o_proj,0.08166179060935974,0.08324148505926132,0.9810227751731873,seed42,0.5545156050701531,field_sorting,value_selection
0.0715700089931488,value_selection_field_sorting,0.017397510762117346,base_model.model.model.layers.7.self_attn.q_proj,0.07782351225614548,0.08428122848272324,0.9233789443969727,seed42,0.5238734654017857,field_sorting,value_selection
0.1485975980758667,value_selection_field_sorting,0.017586844308035716,base_model.model.model.layers.7.self_attn.v_proj,0.029838070273399353,0.029980702325701714,0.9952425360679626,seed42,0.5585065569196429,field_sorting,value_selection
0.09835644066333771,value_selection_field_sorting,0.019034249441964284,base_model.model.model.layers.8.self_attn.k_proj,0.033783163875341415,0.02933027409017086,0.8681920170783997,seed42,0.52960205078125,field_sorting,value_selection
0.1569821983575821,value_selection_field_sorting,0.0157894212372449,base_model.model.model.layers.8.self_attn.o_proj,0.08545884490013123,0.0839979276061058,0.9829050302505493,seed42,0.5546003069196429,field_sorting,value_selection
0.09589216858148575,value_selection_field_sorting,0.01909653021364796,base_model.model.model.layers.8.self_attn.q_proj,0.07879941910505295,0.07647497206926346,0.970501720905304,seed42,0.5359023736447704,field_sorting,value_selection
0.2441059648990631,value_selection_field_sorting,0.016514369419642856,base_model.model.model.layers.8.self_attn.v_proj,0.029218291863799095,0.029966792091727257,0.9750223159790039,seed42,0.5852312360491071,field_sorting,value_selection
0.09078159183263779,value_selection_field_sorting,0.011893136160714286,base_model.model.model.layers.9.self_attn.k_proj,0.03163905441761017,0.0363558754324913,0.8702597618103027,seed42,0.5304478236607143,field_sorting,value_selection
0.13386616110801697,value_selection_field_sorting,0.01765410754145408,base_model.model.model.layers.9.self_attn.o_proj,0.08364509791135788,0.08347289264202118,0.997941255569458,seed42,0.5494347397161989,field_sorting,value_selection
0.0754055306315422,value_selection_field_sorting,0.0161319654815051,base_model.model.model.layers.9.self_attn.q_proj,0.08093425631523132,0.09349286556243896,0.8656730651855469,seed42,0.5257369060905612,field_sorting,value_selection
0.189439058303833,value_selection_field_sorting,0.018729073660714284,base_model.model.model.layers.9.self_attn.v_proj,0.028377488255500793,0.03192766755819321,0.8888055682182312,seed42,0.5628574916294643,field_sorting,value_selection
0.6257226467132568,value_selection_field_sorting,0.04038783482142857,base_model.model.model.layers.0.self_attn.k_proj,0.030491918325424194,0.028133681043982506,0.922660231590271,seed43,0.70123291015625,field_sorting,value_selection
0.23444510996341705,value_selection_field_sorting,0.023385184151785716,base_model.model.model.layers.0.self_attn.o_proj,0.08664262294769287,0.07563472539186478,0.872950553894043,seed43,0.5787988779496174,field_sorting,value_selection
0.31734204292297363,value_selection_field_sorting,0.026598871970663265,base_model.model.model.layers.0.self_attn.q_proj,0.08521630614995956,0.07753795385360718,0.9098957180976868,seed43,0.6111637037627551,field_sorting,value_selection
0.23698584735393524,value_selection_field_sorting,0.020586286272321428,base_model.model.model.layers.0.self_attn.v_proj,0.02938815765082836,0.027628548443317413,0.9401252269744873,seed43,0.5822666713169643,field_sorting,value_selection
0.18115906417369843,value_selection_field_sorting,0.014090401785714286,base_model.model.model.layers.1.self_attn.k_proj,0.031602248549461365,0.03057372197508812,0.9674540162086487,seed43,0.5576259068080357,field_sorting,value_selection
0.2145320177078247,value_selection_field_sorting,0.02610934510522959,base_model.model.model.layers.1.self_attn.o_proj,0.0824320986866951,0.07565295696258545,0.9177609086036682,seed43,0.5794216856664541,field_sorting,value_selection
0.16189545392990112,value_selection_field_sorting,0.017490931919642856,base_model.model.model.layers.1.self_attn.q_proj,0.08354039490222931,0.082694411277771,0.9898733496665955,seed43,0.5558857820471939,field_sorting,value_selection
0.19741563498973846,value_selection_field_sorting,0.020411900111607144,base_model.model.model.layers.1.self_attn.v_proj,0.031012125313282013,0.029691219329833984,0.9574068188667297,seed43,0.5599016462053571,field_sorting,value_selection
0.10869944840669632,value_selection_field_sorting,0.013514927455357142,base_model.model.model.layers.10.self_attn.k_proj,0.02960185520350933,0.030491681769490242,0.9708173871040344,seed43,0.5419224330357143,field_sorting,value_selection
0.09740787744522095,value_selection_field_sorting,0.013088926977040817,base_model.model.model.layers.10.self_attn.o_proj,0.08127926290035248,0.07736784964799881,0.9518768787384033,seed43,0.5359335140306123,field_sorting,value_selection
0.03471700847148895,value_selection_field_sorting,0.015561473612882654,base_model.model.model.layers.10.self_attn.q_proj,0.07982100546360016,0.08780957758426666,0.9090238809585571,seed43,0.5183080556441326,field_sorting,value_selection
0.26520970463752747,value_selection_field_sorting,0.023097446986607144,base_model.model.model.layers.10.self_attn.v_proj,0.030119700357317924,0.02921857126057148,0.9700817465782166,seed43,0.5939156668526786,field_sorting,value_selection
0.15820766985416412,value_selection_field_sorting,0.015537806919642858,base_model.model.model.layers.11.self_attn.k_proj,0.029192360118031502,0.03463323786854744,0.8429000973701477,seed43,0.5523332868303571,field_sorting,value_selection
0.15747423470020294,value_selection_field_sorting,0.022777323820153062,base_model.model.model.layers.11.self_attn.o_proj,0.08363355696201324,0.07688390463590622,0.9192949533462524,seed43,0.5502506178252551,field_sorting,value_selection
-0.008921179920434952,value_selection_field_sorting,0.015734614158163265,base_model.model.model.layers.11.self_attn.q_proj,0.07678200304508209,0.0887802317738533,0.8648547530174255,seed43,0.49497767857142855,field_sorting,value_selection
0.3617837727069855,value_selection_field_sorting,0.03284563337053571,base_model.model.model.layers.11.self_attn.v_proj,0.03269757702946663,0.030369998887181282,0.9288149476051331,seed43,0.6160539899553571,field_sorting,value_selection
0.16803619265556335,value_selection_field_sorting,0.018467494419642856,base_model.model.model.layers.12.self_attn.k_proj,0.033174484968185425,0.0317077711224556,0.9557878971099854,seed43,0.5483747209821429,field_sorting,value_selection
0.07155948132276535,value_selection_field_sorting,0.018781389508928572,base_model.model.model.layers.12.self_attn.o_proj,0.08726099133491516,0.0760006383061409,0.8709577918052673,seed43,0.5181398975605868,field_sorting,value_selection
0.09431549906730652,value_selection_field_sorting,0.017781160315688774,base_model.model.model.layers.12.self_attn.q_proj,0.09258484095335007,0.08444787561893463,0.9121134281158447,seed43,0.5261043626434949,field_sorting,value_selection
0.14620012044906616,value_selection_field_sorting,0.023873465401785716,base_model.model.model.layers.12.self_attn.v_proj,0.03278731554746628,0.029314802959561348,0.8940897583961487,seed43,0.5379987444196429,field_sorting,value_selection
0.046999599784612656,value_selection_field_sorting,0.015982491629464284,base_model.model.model.layers.13.self_attn.k_proj,0.029231011867523193,0.02827330119907856,0.9672364592552185,seed43,0.5137067522321429,field_sorting,value_selection
0.1800236999988556,value_selection_field_sorting,0.017209422831632654,base_model.model.model.layers.13.self_attn.o_proj,0.08546876162290573,0.0758638083934784,0.8876203298568726,seed43,0.5576084681919643,field_sorting,value_selection
0.10603980720043182,value_selection_field_sorting,0.025486537388392856,base_model.model.model.layers.13.self_attn.q_proj,0.07634852826595306,0.08007771521806717,0.9534304141998291,seed43,0.5291723134566326,field_sorting,value_selection
0.12232039868831635,value_selection_field_sorting,0.023062569754464284,base_model.model.model.layers.13.self_attn.v_proj,0.03360212594270706,0.029179848730564117,0.8683929443359375,seed43,0.53564453125,field_sorting,value_selection
0.025865862146019936,value_selection_field_sorting,0.014944893973214286,base_model.model.model.layers.14.self_attn.k_proj,0.030010191723704338,0.027669023722410202,0.9219875931739807,seed43,0.5028773716517857,field_sorting,value_selection
0.15690720081329346,value_selection_field_sorting,0.02021758410395408,base_model.model.model.layers.14.self_attn.o_proj,0.08728808909654617,0.06941314786672592,0.7952190041542053,seed43,0.5415213448660714,field_sorting,value_selection
0.04566364735364914,value_selection_field_sorting,0.013594646843112245,base_model.model.model.layers.14.self_attn.q_proj,0.08397455513477325,0.07556585222482681,0.8998660445213318,seed43,0.5198189871651786,field_sorting,value_selection
0.15494988858699799,value_selection_field_sorting,0.019034249441964284,base_model.model.model.layers.14.self_attn.v_proj,0.03129662945866585,0.02838684245944023,0.9070255756378174,seed43,0.5439889090401786,field_sorting,value_selection
0.1331184059381485,value_selection_field_sorting,0.018851143973214284,base_model.model.model.layers.15.self_attn.k_proj,0.03724873811006546,0.030387889593839645,0.8158099055290222,seed43,0.5497785295758929,field_sorting,value_selection
0.10240475088357925,value_selection_field_sorting,0.0195499342315051,base_model.model.model.layers.15.self_attn.o_proj,0.0913967564702034,0.07344949245452881,0.803633451461792,seed43,0.5315638950892857,field_sorting,value_selection
0.07712759077548981,value_selection_field_sorting,0.014288454639668368,base_model.model.model.layers.15.self_attn.q_proj,0.09624102711677551,0.08123831450939178,0.8441131114959717,seed43,0.5307156309789541,field_sorting,value_selection
0.15103000402450562,value_selection_field_sorting,0.023332868303571428,base_model.model.model.layers.15.self_attn.v_proj,0.033468712121248245,0.030290404334664345,0.905036449432373,seed43,0.5410853794642857,field_sorting,value_selection
0.1980237066745758,value_selection_field_sorting,0.018641880580357144,base_model.model.model.layers.16.self_attn.k_proj,0.02983645349740982,0.033441465348005295,0.8921993374824524,seed43,0.5728410993303571,field_sorting,value_selection
0.16303755342960358,value_selection_field_sorting,0.01827816087372449,base_model.model.model.layers.16.self_attn.o_proj,0.09148501604795456,0.07767409831285477,0.8490362763404846,seed43,0.5504324776785714,field_sorting,value_selection
0.08332215249538422,value_selection_field_sorting,0.017853406010841837,base_model.model.model.layers.16.self_attn.q_proj,0.08736024051904678,0.078640416264534,0.9001854658126831,seed43,0.5232954998405612,field_sorting,value_selection
0.087275430560112,value_selection_field_sorting,0.023149762834821428,base_model.model.model.layers.16.self_attn.v_proj,0.030840612947940826,0.026818566024303436,0.8695860505104065,seed43,0.5217023577008929,field_sorting,value_selection
0.10918513685464859,value_selection_field_sorting,0.013009207589285714,base_model.model.model.layers.17.self_attn.k_proj,0.036331430077552795,0.027493128553032875,0.7567312717437744,seed43,0.5305524553571429,field_sorting,value_selection
0.15793171525001526,value_selection_field_sorting,0.021813217474489797,base_model.model.model.layers.17.self_attn.o_proj,0.09235874563455582,0.07466185092926025,0.8083896040916443,seed43,0.5474554567920918,field_sorting,value_selection
0.06606315821409225,value_selection_field_sorting,0.01722561583227041,base_model.model.model.layers.17.self_attn.q_proj,0.08820363879203796,0.0814995989203453,0.9239935874938965,seed43,0.5233752192283163,field_sorting,value_selection
0.12914344668388367,value_selection_field_sorting,0.020429338727678572,base_model.model.model.layers.17.self_attn.v_proj,0.03646233305335045,0.026118576526641846,0.7163166403770447,seed43,0.5414515904017857,field_sorting,value_selection
0.27305325865745544,value_selection_field_sorting,0.018755231584821428,base_model.model.model.layers.18.self_attn.k_proj,0.039685700088739395,0.028135448694229126,0.7089568376541138,seed43,0.5855451311383929,field_sorting,value_selection
0.12658067047595978,value_selection_field_sorting,0.01731156329719388,base_model.model.model.layers.18.self_attn.o_proj,0.09297666698694229,0.07619503885507584,0.8195071220397949,seed43,0.5414042570153061,field_sorting,value_selection
0.19300472736358643,value_selection_field_sorting,0.0194091796875,base_model.model.model.layers.18.self_attn.q_proj,0.09624610096216202,0.08349958062171936,0.8675632476806641,seed43,0.5683244977678571,field_sorting,value_selection
0.11924827843904495,value_selection_field_sorting,0.017804827008928572,base_model.model.model.layers.18.self_attn.v_proj,0.032661035656929016,0.027349108830094337,0.8373619318008423,seed43,0.5500575474330357,field_sorting,value_selection
0.24565885961055756,value_selection_field_sorting,0.022984095982142856,base_model.model.model.layers.19.self_attn.k_proj,0.04044564440846443,0.029658041894435883,0.7332814931869507,seed43,0.5640781947544643,field_sorting,value_selection
0.19244910776615143,value_selection_field_sorting,0.01588284239477041,base_model.model.model.layers.19.self_attn.o_proj,0.09303615242242813,0.06826506555080414,0.7337477207183838,seed43,0.559821926817602,field_sorting,value_selection
0.1836339235305786,value_selection_field_sorting,0.01741993183992347,base_model.model.model.layers.19.self_attn.q_proj,0.09927719831466675,0.06917449831962585,0.6967813372612,seed43,0.5684054627710459,field_sorting,value_selection
0.1881704181432724,value_selection_field_sorting,0.017116001674107144,base_model.model.model.layers.19.self_attn.v_proj,0.03898318484425545,0.0280686654150486,0.7200198173522949,seed43,0.5609654017857143,field_sorting,value_selection
0.2653086185455322,value_selection_field_sorting,0.021728515625,base_model.model.model.layers.2.self_attn.k_proj,0.031849995255470276,0.028055956587195396,0.8808779120445251,seed43,0.5854928152901786,field_sorting,value_selection
0.21391937136650085,value_selection_field_sorting,0.017069913903061226,base_model.model.model.layers.2.self_attn.o_proj,0.08272960036993027,0.07418122887611389,0.896670937538147,seed43,0.5702639209980868,field_sorting,value_selection
0.2998078167438507,value_selection_field_sorting,0.018740284199617346,base_model.model.model.layers.2.self_attn.q_proj,0.0775078684091568,0.0766589343547821,0.989047110080719,seed43,0.6002321827168368,field_sorting,value_selection
0.23057414591312408,value_selection_field_sorting,0.025277273995535716,base_model.model.model.layers.2.self_attn.v_proj,0.03221133351325989,0.02774212695658207,0.8612536191940308,seed43,0.56982421875,field_sorting,value_selection
0.16184163093566895,value_selection_field_sorting,0.013602120535714286,base_model.model.model.layers.20.self_attn.k_proj,0.038281384855508804,0.03121684305369854,0.8154575228691101,seed43,0.5596226283482143,field_sorting,value_selection
0.13451054692268372,value_selection_field_sorting,0.01771514269770408,base_model.model.model.layers.20.self_attn.o_proj,0.08503470569849014,0.062033332884311676,0.7295060753822327,seed43,0.5525014449139031,field_sorting,value_selection
0.1405656486749649,value_selection_field_sorting,0.020641093351403062,base_model.model.model.layers.20.self_attn.q_proj,0.10404036194086075,0.07690194994211197,0.7391549348831177,seed43,0.5482240015146683,field_sorting,value_selection
0.09186126291751862,value_selection_field_sorting,0.020429338727678572,base_model.model.model.layers.20.self_attn.v_proj,0.03257342427968979,0.024049166589975357,0.7383063435554504,seed43,0.5361240931919643,field_sorting,value_selection
0.09831900149583817,value_selection_field_sorting,0.014273507254464286,base_model.model.model.layers.21.self_attn.k_proj,0.03192731738090515,0.024797309190034866,0.7766799926757812,seed43,0.5356532505580357,field_sorting,value_selection
0.17173703014850616,value_selection_field_sorting,0.015299894371811224,base_model.model.model.layers.21.self_attn.o_proj,0.084086112678051,0.06213518977165222,0.7389470934867859,seed43,0.5569881517059949,field_sorting,value_selection
0.09415258467197418,value_selection_field_sorting,0.01750712492028061,base_model.model.model.layers.21.self_attn.q_proj,0.08879391103982925,0.07491736859083176,0.8437219262123108,seed43,0.5350142498405612,field_sorting,value_selection
0.09501123428344727,value_selection_field_sorting,0.024239676339285716,base_model.model.model.layers.21.self_attn.v_proj,0.03159360587596893,0.024488143622875214,0.7750980854034424,seed43,0.5176130022321429,field_sorting,value_selection
0.08347500115633011,value_selection_field_sorting,0.021632603236607144,base_model.model.model.layers.22.self_attn.k_proj,0.04139400273561478,0.031237002462148666,0.7546262741088867,seed43,0.5336216517857143,field_sorting,value_selection
-0.057939499616622925,value_selection_field_sorting,0.01688431720344388,base_model.model.model.layers.22.self_attn.o_proj,0.09676311165094376,0.062086671590805054,0.6416357755661011,seed43,0.4854873345822704,field_sorting,value_selection
0.06254886090755463,value_selection_field_sorting,0.0167423170440051,base_model.model.model.layers.22.self_attn.q_proj,0.09747212380170822,0.06862666457891464,0.7040645480155945,seed43,0.5265278718909439,field_sorting,value_selection
0.12381915003061295,value_selection_field_sorting,0.017368861607142856,base_model.model.model.layers.22.self_attn.v_proj,0.03370073810219765,0.022767720744013786,0.6755852103233337,seed43,0.5366734095982143,field_sorting,value_selection
-0.08830711245536804,value_selection_field_sorting,0.0113525390625,base_model.model.model.layers.23.self_attn.k_proj,0.04387041553854942,0.023563606664538383,0.5371183753013611,seed43,0.4611903599330357,field_sorting,value_selection
0.038414936512708664,value_selection_field_sorting,0.013960857780612245,base_model.model.model.layers.23.self_attn.o_proj,0.10015492886304855,0.059661801904439926,0.5956951379776001,seed43,0.5075235172193877,field_sorting,value_selection
0.10090810060501099,value_selection_field_sorting,0.01475929727359694,base_model.model.model.layers.23.self_attn.q_proj,0.1124025285243988,0.07614345848560333,0.6774176359176636,seed43,0.5272814692283163,field_sorting,value_selection
0.17404668033123016,value_selection_field_sorting,0.016697474888392856,base_model.model.model.layers.23.self_attn.v_proj,0.03386610001325607,0.02215702272951603,0.6542537212371826,seed43,0.5560738699776786,field_sorting,value_selection
0.19118064641952515,value_selection_field_sorting,0.017665318080357144,base_model.model.model.layers.3.self_attn.k_proj,0.02959645912051201,0.03130161017179489,0.9455251097679138,seed43,0.5631888253348214,field_sorting,value_selection
0.2509426176548004,value_selection_field_sorting,0.022510762117346938,base_model.model.model.layers.3.self_attn.o_proj,0.07881760597229004,0.07595399767160416,0.9636679291725159,seed43,0.5841164102359694,field_sorting,value_selection
0.16752088069915771,value_selection_field_sorting,0.021111935985331634,base_model.model.model.layers.3.self_attn.q_proj,0.07969144731760025,0.08519386500120163,0.9354130029678345,seed43,0.5649837571747449,field_sorting,value_selection
0.3067234754562378,value_selection_field_sorting,0.026018415178571428,base_model.model.model.layers.3.self_attn.v_proj,0.02947501838207245,0.027458498254418373,0.931585431098938,seed43,0.6029488699776786,field_sorting,value_selection
0.12450708448886871,value_selection_field_sorting,0.018589564732142856,base_model.model.model.layers.4.self_attn.k_proj,0.027687547728419304,0.030346479266881943,0.9123808741569519,seed43,0.5559169224330357,field_sorting,value_selection
0.23140308260917664,value_selection_field_sorting,0.017975476323341837,base_model.model.model.layers.4.self_attn.o_proj,0.08317042887210846,0.07944121211767197,0.9551617503166199,seed43,0.5767822265625,field_sorting,value_selection
0.21347936987876892,value_selection_field_sorting,0.019177495216836735,base_model.model.model.layers.4.self_attn.q_proj,0.0790790468454361,0.08107366412878036,0.9753974676132202,seed43,0.5749661192602041,field_sorting,value_selection
0.42271360754966736,value_selection_field_sorting,0.030979701450892856,base_model.model.model.layers.4.self_attn.v_proj,0.030520521104335785,0.03078482113778591,0.9914146065711975,seed43,0.6362566266741071,field_sorting,value_selection
0.10294602066278458,value_selection_field_sorting,0.0157470703125,base_model.model.model.layers.5.self_attn.k_proj,0.02924025058746338,0.029508816078305244,0.9908987879753113,seed43,0.5367344447544643,field_sorting,value_selection
0.2258218377828598,value_selection_field_sorting,0.019827706473214284,base_model.model.model.layers.5.self_attn.o_proj,0.0818604975938797,0.076141357421875,0.9301355481147766,seed43,0.5785647022480868,field_sorting,value_selection
0.17055217921733856,value_selection_field_sorting,0.01670868542729592,base_model.model.model.layers.5.self_attn.q_proj,0.07965356856584549,0.07973778992891312,0.9989437460899353,seed43,0.555183254942602,field_sorting,value_selection
0.1507282704114914,value_selection_field_sorting,0.021248953683035716,base_model.model.model.layers.5.self_attn.v_proj,0.030051955953240395,0.029247712343931198,0.9732382297515869,seed43,0.5483572823660714,field_sorting,value_selection
0.1529281586408615,value_selection_field_sorting,0.022687639508928572,base_model.model.model.layers.6.self_attn.k_proj,0.026547811925411224,0.032277338206768036,0.8224907517433167,seed43,0.5587071010044643,field_sorting,value_selection
0.202419713139534,value_selection_field_sorting,0.02035335618622449,base_model.model.model.layers.6.self_attn.o_proj,0.07933883368968964,0.07709314674139023,0.9716950058937073,seed43,0.5680940589126275,field_sorting,value_selection
0.26965197920799255,value_selection_field_sorting,0.02172477877869898,base_model.model.model.layers.6.self_attn.q_proj,0.0763038843870163,0.08078709989786148,0.9445058107376099,seed43,0.58837890625,field_sorting,value_selection
0.1565549671649933,value_selection_field_sorting,0.018362862723214284,base_model.model.model.layers.6.self_attn.v_proj,0.028776591643691063,0.029520759359002113,0.9747917056083679,seed43,0.5555943080357143,field_sorting,value_selection
0.07082385569810867,value_selection_field_sorting,0.019400460379464284,base_model.model.model.layers.7.self_attn.k_proj,0.029417609795928,0.030449898913502693,0.9660987854003906,seed43,0.5299944196428571,field_sorting,value_selection
0.15697595477104187,value_selection_field_sorting,0.01519775390625,base_model.model.model.layers.7.self_attn.o_proj,0.0781584158539772,0.07844579219818115,0.9963366389274597,seed43,0.5520069355867347,field_sorting,value_selection
0.04562186077237129,value_selection_field_sorting,0.01628143933354592,base_model.model.model.layers.7.self_attn.q_proj,0.07889492064714432,0.08283844590187073,0.952394962310791,seed43,0.5186680385044643,field_sorting,value_selection
0.19596664607524872,value_selection_field_sorting,0.023271833147321428,base_model.model.model.layers.7.self_attn.v_proj,0.029576033353805542,0.02944469265639782,0.9955592155456543,seed43,0.5672084263392857,field_sorting,value_selection
0.19953536987304688,value_selection_field_sorting,0.021711077008928572,base_model.model.model.layers.8.self_attn.k_proj,0.031329717487096786,0.0289178267121315,0.9230158925056458,seed43,0.5593697684151786,field_sorting,value_selection
0.11789064109325409,value_selection_field_sorting,0.015738351004464284,base_model.model.model.layers.8.self_attn.o_proj,0.08480525016784668,0.08171185851097107,0.9635235667228699,seed43,0.5388843769929847,field_sorting,value_selection
0.11252925544977188,value_selection_field_sorting,0.017571896922831634,base_model.model.model.layers.8.self_attn.q_proj,0.08031260967254639,0.07546234130859375,0.9396076202392578,seed43,0.5353493203922194,field_sorting,value_selection
0.22604158520698547,value_selection_field_sorting,0.020952497209821428,base_model.model.model.layers.8.self_attn.v_proj,0.028905516490340233,0.029766330495476723,0.9710809588432312,seed43,0.5739833286830357,field_sorting,value_selection
0.021525053307414055,value_selection_field_sorting,0.012625558035714286,base_model.model.model.layers.9.self_attn.k_proj,0.031652312725782394,0.037716612219810486,0.8392140865325928,seed43,0.50933837890625,field_sorting,value_selection
0.21535174548625946,value_selection_field_sorting,0.01960225007971939,base_model.model.model.layers.9.self_attn.o_proj,0.08345424383878708,0.08010541647672653,0.959872305393219,seed43,0.5679034797512755,field_sorting,value_selection
0.10284311324357986,value_selection_field_sorting,0.015507912149234694,base_model.model.model.layers.9.self_attn.q_proj,0.08120158314704895,0.09831179678440094,0.8259596824645996,seed43,0.5395383250956632,field_sorting,value_selection
0.17984628677368164,value_selection_field_sorting,0.022269112723214284,base_model.model.model.layers.9.self_attn.v_proj,0.029851311817765236,0.03199534863233566,0.9329891204833984,seed43,0.5551932198660714,field_sorting,value_selection
0.3829623758792877,value_selection_field_sorting,0.025416782924107144,base_model.model.model.layers.0.self_attn.k_proj,0.027089055627584457,0.023218082264065742,0.8571019172668457,seed44,0.6202566964285714,field_sorting,value_selection
0.1994440108537674,value_selection_field_sorting,0.0190853196747449,base_model.model.model.layers.0.self_attn.o_proj,0.08306258171796799,0.07553425431251526,0.9093655943870544,seed44,0.5648317920918368,field_sorting,value_selection
0.23295897245407104,value_selection_field_sorting,0.017284159757653062,base_model.model.model.layers.0.self_attn.q_proj,0.07708277553319931,0.07425237447023392,0.9632810354232788,seed44,0.5665993203922194,field_sorting,value_selection
0.18777786195278168,value_selection_field_sorting,0.022417340959821428,base_model.model.model.layers.0.self_attn.v_proj,0.031811002641916275,0.028772128745913506,0.9044709801673889,seed44,0.5601283482142857,field_sorting,value_selection
-0.041347481310367584,value_selection_field_sorting,0.014630998883928572,base_model.model.model.layers.1.self_attn.k_proj,0.031455956399440765,0.034083761274814606,0.9229015707969666,seed44,0.49558803013392855,field_sorting,value_selection
0.2067156434059143,value_selection_field_sorting,0.022158252949617346,base_model.model.model.layers.1.self_attn.o_proj,0.07907319813966751,0.07839453220367432,0.9914172291755676,seed44,0.5652690031090561,field_sorting,value_selection
0.23148217797279358,value_selection_field_sorting,0.01956986407844388,base_model.model.model.layers.1.self_attn.q_proj,0.08388842642307281,0.08110405504703522,0.9668086171150208,seed44,0.5746036451690051,field_sorting,value_selection
0.1684889942407608,value_selection_field_sorting,0.017961774553571428,base_model.model.model.layers.1.self_attn.v_proj,0.03219880536198616,0.030229121446609497,0.938827395439148,seed44,0.5492989676339286,field_sorting,value_selection
0.16219313442707062,value_selection_field_sorting,0.015633719308035716,base_model.model.model.layers.10.self_attn.k_proj,0.031834546476602554,0.03299446776509285,0.9648450016975403,seed44,0.5500837053571429,field_sorting,value_selection
0.1638854444026947,value_selection_field_sorting,0.021810726243622448,base_model.model.model.layers.10.self_attn.o_proj,0.08284692466259003,0.08405162394046783,0.9856671690940857,seed44,0.5506616709183674,field_sorting,value_selection
0.02781463786959648,value_selection_field_sorting,0.01744858099489796,base_model.model.model.layers.10.self_attn.q_proj,0.08217271417379379,0.08895637094974518,0.9237417578697205,seed44,0.5128995934311225,field_sorting,value_selection
0.29542428255081177,value_selection_field_sorting,0.019749232700892856,base_model.model.model.layers.10.self_attn.v_proj,0.031184183433651924,0.02950849011540413,0.9462646245956421,seed44,0.5941510881696429,field_sorting,value_selection
0.16294823586940765,value_selection_field_sorting,0.01837158203125,base_model.model.model.layers.11.self_attn.k_proj,0.028606140986084938,0.03923986107110977,0.7290071845054626,seed44,0.5475551060267857,field_sorting,value_selection
0.15067848563194275,value_selection_field_sorting,0.01856963488520408,base_model.model.model.layers.11.self_attn.o_proj,0.08034420013427734,0.079539455473423,0.9899837970733643,seed44,0.5475252112563775,field_sorting,value_selection
-0.06552689522504807,value_selection_field_sorting,0.014897560586734694,base_model.model.model.layers.11.self_attn.q_proj,0.07678667455911636,0.09107861667871475,0.8430812358856201,seed44,0.48310073541135207,field_sorting,value_selection
0.3079988956451416,value_selection_field_sorting,0.027491978236607144,base_model.model.model.layers.11.self_attn.v_proj,0.032517366111278534,0.031853966414928436,0.9795985817909241,seed44,0.5814732142857143,field_sorting,value_selection
0.08115839213132858,value_selection_field_sorting,0.015110560825892858,base_model.model.model.layers.12.self_attn.k_proj,0.03608592227101326,0.030558021739125252,0.8468128442764282,seed44,0.5212227957589286,field_sorting,value_selection
0.12413719296455383,value_selection_field_sorting,0.01697524713010204,base_model.model.model.layers.12.self_attn.o_proj,0.0825861468911171,0.08090759068727493,0.9796751141548157,seed44,0.5393053950095663,field_sorting,value_selection
0.12249524146318436,value_selection_field_sorting,0.017762476084183673,base_model.model.model.layers.12.self_attn.q_proj,0.08704011142253876,0.08313784003257751,0.9551669955253601,seed44,0.5363470583545918,field_sorting,value_selection
0.10844404250383377,value_selection_field_sorting,0.019130161830357144,base_model.model.model.layers.12.self_attn.v_proj,0.03368270769715309,0.0314100906252861,0.9325286746025085,seed44,0.53839111328125,field_sorting,value_selection
0.1297030746936798,value_selection_field_sorting,0.019243512834821428,base_model.model.model.layers.13.self_attn.k_proj,0.030211294069886208,0.028494207188487053,0.943164050579071,seed44,0.549072265625,field_sorting,value_selection
0.08095166832208633,value_selection_field_sorting,0.017644142617984693,base_model.model.model.layers.13.self_attn.o_proj,0.09457261115312576,0.08371253311634064,0.8851667642593384,seed44,0.5315788424744898,field_sorting,value_selection
0.15180706977844238,value_selection_field_sorting,0.01994354870854592,base_model.model.model.layers.13.self_attn.q_proj,0.0854697972536087,0.08303013443946838,0.9714558720588684,seed44,0.5480707908163265,field_sorting,value_selection
0.11938966810703278,value_selection_field_sorting,0.026811872209821428,base_model.model.model.layers.13.self_attn.v_proj,0.03409624472260475,0.030361633747816086,0.8904685378074646,seed44,0.5354091099330357,field_sorting,value_selection
0.17676523327827454,value_selection_field_sorting,0.017438616071428572,base_model.model.model.layers.14.self_attn.k_proj,0.028720149770379066,0.027466049417853355,0.9563337564468384,seed44,0.5529610770089286,field_sorting,value_selection
0.05363854765892029,value_selection_field_sorting,0.013022909359056123,base_model.model.model.layers.14.self_attn.o_proj,0.09288733452558517,0.07477357238531113,0.804992139339447,seed44,0.5144366828762755,field_sorting,value_selection
0.1303589791059494,value_selection_field_sorting,0.01687808912627551,base_model.model.model.layers.14.self_attn.q_proj,0.08399641513824463,0.0829983502626419,0.9881177544593811,seed44,0.5354477240114796,field_sorting,value_selection
0.10828527063131332,value_selection_field_sorting,0.016462053571428572,base_model.model.model.layers.14.self_attn.v_proj,0.030645327642560005,0.02840687893331051,0.926956295967102,seed44,0.5308925083705357,field_sorting,value_selection
0.010373850353062153,value_selection_field_sorting,0.013575962611607142,base_model.model.model.layers.15.self_attn.k_proj,0.03544517979025841,0.03433318808674812,0.9686278700828552,seed44,0.49961635044642855,field_sorting,value_selection
0.10921747237443924,value_selection_field_sorting,0.018595792809311226,base_model.model.model.layers.15.self_attn.o_proj,0.09064431488513947,0.07871534675359726,0.8683980703353882,seed44,0.5273786272321429,field_sorting,value_selection
-0.024810995906591415,value_selection_field_sorting,0.016394790338010203,base_model.model.model.layers.15.self_attn.q_proj,0.0959346741437912,0.08401671797037125,0.875770092010498,seed44,0.49320516780931123,field_sorting,value_selection
0.15606772899627686,value_selection_field_sorting,0.019269670758928572,base_model.model.model.layers.15.self_attn.v_proj,0.03393317013978958,0.029113732278347015,0.8579726815223694,seed44,0.5474591936383929,field_sorting,value_selection
0.125604048371315,value_selection_field_sorting,0.017735072544642856,base_model.model.model.layers.16.self_attn.k_proj,0.029679356142878532,0.03222965821623802,0.9208709597587585,seed44,0.5460205078125,field_sorting,value_selection
0.13293561339378357,value_selection_field_sorting,0.015390824298469387,base_model.model.model.layers.16.self_attn.o_proj,0.09789734333753586,0.08467947691679001,0.8649823665618896,seed44,0.5378891302614796,field_sorting,value_selection
0.07773271948099136,value_selection_field_sorting,0.02047916334502551,base_model.model.model.layers.16.self_attn.q_proj,0.08213373273611069,0.08584040403366089,0.9568190574645996,seed44,0.5264581174266582,field_sorting,value_selection
0.11686506122350693,value_selection_field_sorting,0.025076729910714284,base_model.model.model.layers.16.self_attn.v_proj,0.03283333033323288,0.029881441965699196,0.9100947380065918,seed44,0.5316074916294643,field_sorting,value_selection
0.15169963240623474,value_selection_field_sorting,0.011378696986607142,base_model.model.model.layers.17.self_attn.k_proj,0.0365377701818943,0.028648102656006813,0.7840681672096252,seed44,0.5638776506696429,field_sorting,value_selection
0.1916189193725586,value_selection_field_sorting,0.026272520727040817,base_model.model.model.layers.17.self_attn.o_proj,0.09219434857368469,0.07722871005535126,0.8376729488372803,seed44,0.5564251335299745,field_sorting,value_selection
0.15372155606746674,value_selection_field_sorting,0.02411636041135204,base_model.model.model.layers.17.self_attn.q_proj,0.08497510105371475,0.08098296821117401,0.9530199766159058,seed44,0.5495368801817602,field_sorting,value_selection
0.18151943385601044,value_selection_field_sorting,0.02349853515625,base_model.model.model.layers.17.self_attn.v_proj,0.03505539521574974,0.027804052457213402,0.7931461930274963,seed44,0.55267333984375,field_sorting,value_selection
0.2894793450832367,value_selection_field_sorting,0.020368303571428572,base_model.model.model.layers.18.self_attn.k_proj,0.0437953881919384,0.030056875199079514,0.6863023042678833,seed44,0.5887538364955357,field_sorting,value_selection
0.2023703157901764,value_selection_field_sorting,0.0251278001434949,base_model.model.model.layers.18.self_attn.o_proj,0.09520884603261948,0.07454687356948853,0.7829826474189758,seed44,0.5582051179846939,field_sorting,value_selection
0.1335553228855133,value_selection_field_sorting,0.018392757493622448,base_model.model.model.layers.18.self_attn.q_proj,0.10778521001338959,0.08393833786249161,0.7787556052207947,seed44,0.5518960758131377,field_sorting,value_selection
0.11383038759231567,value_selection_field_sorting,0.021510532924107144,base_model.model.model.layers.18.self_attn.v_proj,0.032870423048734665,0.029898809269070625,0.9095961451530457,seed44,0.5412423270089286,field_sorting,value_selection
0.028646953403949738,value_selection_field_sorting,0.012163434709821428,base_model.model.model.layers.19.self_attn.k_proj,0.04342978820204735,0.03257114067673683,0.7499723434448242,seed44,0.5095476422991071,field_sorting,value_selection
0.1110108271241188,value_selection_field_sorting,0.01377276985012755,base_model.model.model.layers.19.self_attn.o_proj,0.0904395803809166,0.07072272896766663,0.7819886803627014,seed44,0.5345571089764031,field_sorting,value_selection
0.09554176777601242,value_selection_field_sorting,0.016861896125637755,base_model.model.model.layers.19.self_attn.q_proj,0.10338018834590912,0.07235337793827057,0.699876606464386,seed44,0.5328095105229592,field_sorting,value_selection
0.19874577224254608,value_selection_field_sorting,0.027980259486607144,base_model.model.model.layers.19.self_attn.v_proj,0.0432278998196125,0.029708975926041603,0.6872639060020447,seed44,0.5659092494419643,field_sorting,value_selection
0.19231544435024261,value_selection_field_sorting,0.02197265625,base_model.model.model.layers.2.self_attn.k_proj,0.02803557552397251,0.031574588268995285,0.8879157900810242,seed44,0.5510341099330357,field_sorting,value_selection
0.1918776035308838,value_selection_field_sorting,0.01664017657844388,base_model.model.model.layers.2.self_attn.o_proj,0.08077441900968552,0.07963017374277115,0.9858340620994568,seed44,0.5641342474489796,field_sorting,value_selection
0.206650048494339,value_selection_field_sorting,0.018462511957908163,base_model.model.model.layers.2.self_attn.q_proj,0.0827387198805809,0.07986816018819809,0.965305745601654,seed44,0.5713737643494898,field_sorting,value_selection
0.2348252832889557,value_selection_field_sorting,0.02496337890625,base_model.model.model.layers.2.self_attn.v_proj,0.03155326843261719,0.028988316655158997,0.9187104105949402,seed44,0.5739484514508929,field_sorting,value_selection
0.3145138919353485,value_selection_field_sorting,0.022365025111607144,base_model.model.model.layers.20.self_attn.k_proj,0.04196308180689812,0.03442513197660446,0.8203670978546143,seed44,0.5988333565848214,field_sorting,value_selection
0.20737314224243164,value_selection_field_sorting,0.020014548788265307,base_model.model.model.layers.20.self_attn.o_proj,0.08387105166912079,0.06760993599891663,0.8061176538467407,seed44,0.5645864058514031,field_sorting,value_selection
0.03308121860027313,value_selection_field_sorting,0.020176478794642856,base_model.model.model.layers.20.self_attn.q_proj,0.09968902170658112,0.08342787623405457,0.8368812799453735,seed44,0.513557278380102,field_sorting,value_selection
0.03205430880188942,value_selection_field_sorting,0.021475655691964284,base_model.model.model.layers.20.self_attn.v_proj,0.03462310507893562,0.027251239866018295,0.7870824933052063,seed44,0.5074462890625,field_sorting,value_selection
0.10420067608356476,value_selection_field_sorting,0.017979213169642856,base_model.model.model.layers.21.self_attn.k_proj,0.03618600219488144,0.029489202424883842,0.8149339556694031,seed44,0.5481044224330357,field_sorting,value_selection
0.18249022960662842,value_selection_field_sorting,0.021551638233418366,base_model.model.model.layers.21.self_attn.o_proj,0.09078802168369293,0.06394120305776596,0.7042911648750305,seed44,0.545478665098852,field_sorting,value_selection
0.06327853351831436,value_selection_field_sorting,0.013147470902423469,base_model.model.model.layers.21.self_attn.q_proj,0.09584785997867584,0.07795777916908264,0.813349187374115,seed44,0.5166937380420918,field_sorting,value_selection
0.1524825394153595,value_selection_field_sorting,0.019888741629464284,base_model.model.model.layers.21.self_attn.v_proj,0.03480860963463783,0.024939628317952156,0.716478705406189,seed44,0.5452008928571429,field_sorting,value_selection
0.10946635901927948,value_selection_field_sorting,0.015633719308035716,base_model.model.model.layers.22.self_attn.k_proj,0.04073924198746681,0.031169945374131203,0.7651086449623108,seed44,0.5412859235491071,field_sorting,value_selection
0.15467239916324615,value_selection_field_sorting,0.01427848971619898,base_model.model.model.layers.22.self_attn.o_proj,0.09384787827730179,0.06968697905540466,0.7425525188446045,seed44,0.5538591657366071,field_sorting,value_selection
0.11476754397153854,value_selection_field_sorting,0.01820342394770408,base_model.model.model.layers.22.self_attn.q_proj,0.0952216163277626,0.08340539783239365,0.8759082555770874,seed44,0.5339168626434949,field_sorting,value_selection
0.15182991325855255,value_selection_field_sorting,0.015511648995535714,base_model.model.model.layers.22.self_attn.v_proj,0.03526127338409424,0.02581091783940792,0.7319905161857605,seed44,0.5465349469866071,field_sorting,value_selection
-0.03956054151058197,value_selection_field_sorting,0.009756905691964286,base_model.model.model.layers.23.self_attn.k_proj,0.045841872692108154,0.02282124198973179,0.4978252649307251,seed44,0.48740059988839285,field_sorting,value_selection
0.11589856445789337,value_selection_field_sorting,0.013445172991071428,base_model.model.model.layers.23.self_attn.o_proj,0.08744458854198456,0.05920941382646561,0.6771078109741211,seed44,0.5361353037308674,field_sorting,value_selection
0.16384047269821167,value_selection_field_sorting,0.021300023915816327,base_model.model.model.layers.23.self_attn.q_proj,0.1082112044095993,0.08390943706035614,0.7754228115081787,seed44,0.543754733338648,field_sorting,value_selection
0.1700766682624817,value_selection_field_sorting,0.018258231026785716,base_model.model.model.layers.23.self_attn.v_proj,0.03722706437110901,0.028057914227247238,0.7536966800689697,seed44,0.5291224888392857,field_sorting,value_selection
0.044194500893354416,value_selection_field_sorting,0.018345424107142856,base_model.model.model.layers.3.self_attn.k_proj,0.03041244111955166,0.03211088851094246,0.9471067786216736,seed44,0.5135236467633929,field_sorting,value_selection
0.1861634999513626,value_selection_field_sorting,0.020751953125,base_model.model.model.layers.3.self_attn.o_proj,0.08585677295923233,0.08297030627727509,0.9663804173469543,seed44,0.5635139309630102,field_sorting,value_selection
0.2869977355003357,value_selection_field_sorting,0.019533741230867346,base_model.model.model.layers.3.self_attn.q_proj,0.08266779035329819,0.08948037773370743,0.923865020275116,seed44,0.6021753427933674,field_sorting,value_selection
0.291002482175827,value_selection_field_sorting,0.024004255022321428,base_model.model.model.layers.3.self_attn.v_proj,0.029353521764278412,0.028523070737719536,0.9717086553573608,seed44,0.6056169782366071,field_sorting,value_selection
0.13467974960803986,value_selection_field_sorting,0.017054966517857144,base_model.model.model.layers.4.self_attn.k_proj,0.02984134666621685,0.03461761027574539,0.8620279431343079,seed44,0.5461077008928571,field_sorting,value_selection
0.2294062077999115,value_selection_field_sorting,0.01971809231505102,base_model.model.model.layers.4.self_attn.o_proj,0.0836743488907814,0.08209393173456192,0.9811123013496399,seed44,0.5766950334821429,field_sorting,value_selection
0.18317225575447083,value_selection_field_sorting,0.0251888352997449,base_model.model.model.layers.4.self_attn.q_proj,0.08237016201019287,0.08060292154550552,0.9785451292991638,seed44,0.5572298011001275,field_sorting,value_selection
0.37744542956352234,value_selection_field_sorting,0.03370012555803571,base_model.model.model.layers.4.self_attn.v_proj,0.02950216270983219,0.03209022805094719,0.9193503856658936,seed44,0.6212071010044643,field_sorting,value_selection
0.08919437229633331,value_selection_field_sorting,0.020193917410714284,base_model.model.model.layers.5.self_attn.k_proj,0.02983996830880642,0.02760392241179943,0.9250653982162476,seed44,0.5246930803571429,field_sorting,value_selection
0.14806032180786133,value_selection_field_sorting,0.017139668367346938,base_model.model.model.layers.5.self_attn.o_proj,0.08191230893135071,0.08101821690797806,0.989084780216217,seed44,0.5464988241390306,field_sorting,value_selection
0.14573420584201813,value_selection_field_sorting,0.020656040736607144,base_model.model.model.layers.5.self_attn.q_proj,0.07856867462396622,0.08081366866827011,0.9722201228141785,seed44,0.5404700454400511,field_sorting,value_selection
0.09621840715408325,value_selection_field_sorting,0.023681640625,base_model.model.model.layers.5.self_attn.v_proj,0.02981637604534626,0.029323799535632133,0.9834796786308289,seed44,0.52593994140625,field_sorting,value_selection
0.18516311049461365,value_selection_field_sorting,0.021161760602678572,base_model.model.model.layers.6.self_attn.k_proj,0.029745254665613174,0.034003280103206635,0.8747760653495789,seed44,0.5684552873883929,field_sorting,value_selection
0.16635838150978088,value_selection_field_sorting,0.015805614237882654,base_model.model.model.layers.6.self_attn.o_proj,0.07875753939151764,0.07959258556365967,0.9895085096359253,seed44,0.5539899553571429,field_sorting,value_selection
0.2777538597583771,value_selection_field_sorting,0.019857601243622448,base_model.model.model.layers.6.self_attn.q_proj,0.08466451615095139,0.08375465869903564,0.9892534017562866,seed44,0.6016633948501275,field_sorting,value_selection
0.12754565477371216,value_selection_field_sorting,0.020978655133928572,base_model.model.model.layers.6.self_attn.v_proj,0.029382435604929924,0.02915889583528042,0.9923920631408691,seed44,0.5474504743303571,field_sorting,value_selection
0.05166525021195412,value_selection_field_sorting,0.015694754464285716,base_model.model.model.layers.7.self_attn.k_proj,0.030258428305387497,0.030848877504467964,0.9808599352836609,seed44,0.5174996512276786,field_sorting,value_selection
0.17239494621753693,value_selection_field_sorting,0.014772999043367346,base_model.model.model.layers.7.self_attn.o_proj,0.0824924111366272,0.08165234327316284,0.989816427230835,seed44,0.5575823102678571,field_sorting,value_selection
0.01735609956085682,value_selection_field_sorting,0.017716388313137755,base_model.model.model.layers.7.self_attn.q_proj,0.08206892013549805,0.0802650898694992,0.9780205488204956,seed44,0.5069467972735969,field_sorting,value_selection
0.12867537140846252,value_selection_field_sorting,0.022792271205357144,base_model.model.model.layers.7.self_attn.v_proj,0.03122636117041111,0.030020812526345253,0.9613932371139526,seed44,0.53814697265625,field_sorting,value_selection
0.25424546003341675,value_selection_field_sorting,0.0179443359375,base_model.model.model.layers.8.self_attn.k_proj,0.03210879862308502,0.030518580228090286,0.9504740834236145,seed44,0.5891287667410714,field_sorting,value_selection
0.15083880722522736,value_selection_field_sorting,0.01800163424744898,base_model.model.model.layers.8.self_attn.o_proj,0.08272775262594223,0.08472572267055511,0.9764183759689331,seed44,0.5472212810905612,field_sorting,value_selection
0.16326740384101868,value_selection_field_sorting,0.01988251355229592,base_model.model.model.layers.8.self_attn.q_proj,0.08451364189386368,0.07828950881958008,0.9263535141944885,seed44,0.5522734972895408,field_sorting,value_selection
0.23760755360126495,value_selection_field_sorting,0.018772670200892856,base_model.model.model.layers.8.self_attn.v_proj,0.028284180909395218,0.02848207578063011,0.9930519461631775,seed44,0.5884486607142857,field_sorting,value_selection
0.11484748125076294,value_selection_field_sorting,0.0169677734375,base_model.model.model.layers.9.self_attn.k_proj,0.03100624494254589,0.03884989023208618,0.7981038093566895,seed44,0.5447213309151786,field_sorting,value_selection
0.15882794559001923,value_selection_field_sorting,0.018032774633290817,base_model.model.model.layers.9.self_attn.o_proj,0.08079179376363754,0.08139166980981827,0.9926297664642334,seed44,0.5496776347257653,field_sorting,value_selection
0.13840629160404205,value_selection_field_sorting,0.014801648198341837,base_model.model.model.layers.9.self_attn.q_proj,0.08189622312784195,0.09631041437387466,0.8503361344337463,seed44,0.5486823879942602,field_sorting,value_selection
0.18418720364570618,value_selection_field_sorting,0.021597726004464284,base_model.model.model.layers.9.self_attn.v_proj,0.031923774629831314,0.032963827252388,0.9684486985206604,seed44,0.565185546875,field_sorting,value_selection
